date,date_str,broadcast_time,pgmId,pgmTitle,prdid,title,url,status
2026-09-30,20260930,,45953,[깨끗한나라]GS 1등 화장지! 방송중에만 20% 할인,1034479700,허브가든 데이지 30롤 3팩(총90롤),https://m.gsshop.com/prd/prd.gs?prdid=1034479700&mseq=420485-1&pgmId=45953,신규등록
2026-09-30,20260930,7:00,45932,[카무트 효소] 방송에서만 50% 반값 찬스!,1104577423,골드카무트효소 11박스+파로 5봉,https://m.gsshop.com/prd/prd.gs?prdid=1104577423&mseq=420485-1&pgmId=45932,신규등록
2026-09-30,20260930,8:00,45933,[라벨톡 X 스노우피크] FW 아웃도어 의류 최초공개!,1133759074,루트 카고 스트링 팬츠 Black (S26FURPT66),https://m.gsshop.com/prd/prd.gs?prdid=1133759074&mseq=420485-14&pgmId=45933,신규등록
2026-09-30,20260930,8:00,45933,[라벨톡 X 스노우피크] FW 아웃도어 의류 최초공개!,1135497207,"스노우피크(택가 219,000) 우븐 패치 봄버 자켓 3종 택 1 (S24FMTWB36)",https://m.gsshop.com/prd/prd.gs?prdid=1135497207&mseq=420485-6&pgmId=45933,신규등록
2026-09-30,20260930,8:00,45933,[라벨톡 X 스노우피크] FW 아웃도어 의류 최초공개!,1135748171,"어패럴(택가 99,000) 트로피컬 그래픽 맨투맨 4종 택 1 (S24FUFHT64)",https://m.gsshop.com/prd/prd.gs?prdid=1135748171&mseq=420485-9&pgmId=45933,신규등록
2026-09-30,20260930,8:00,45933,[라벨톡 X 스노우피크] FW 아웃도어 의류 최초공개!,1135748460,"어패럴(택가 169,000) 씬테크 우븐 스탠드넥 바람막이 3종 택 1 (S24MMSWB34)",https://m.gsshop.com/prd/prd.gs?prdid=1135748460&mseq=420485-10&pgmId=45933,신규등록
2026-09-30,20260930,8:00,45933,[라벨톡 X 스노우피크] FW 아웃도어 의류 최초공개!,1135766959,"스노우피크(택가 159,000) 클랜드 우먼스 투포켓 조거 팬츠 3종 택 1 (S23SWDPT11)",https://m.gsshop.com/prd/prd.gs?prdid=1135766959&mseq=420485-13&pgmId=45933,신규등록
2026-09-30,20260930,8:00,45933,[라벨톡 X 스노우피크] FW 아웃도어 의류 최초공개!,1135766984,"스노우피크(택가 179,000) 캠플 아노락 7종 택 1 (S23SUCAN42)",https://m.gsshop.com/prd/prd.gs?prdid=1135766984&mseq=420485-11&pgmId=45933,신규등록
2026-09-30,20260930,8:00,45933,[라벨톡 X 스노우피크] FW 아웃도어 의류 최초공개!,1135803797,"스노우피크(택가 159,000) 에어리 여성 라운드넥 경량 다운 자켓 3종 택 1 (S25WWTDJ59)",https://m.gsshop.com/prd/prd.gs?prdid=1135803797&mseq=420485-1&pgmId=45933,신규등록
2026-09-30,20260930,8:00,45933,[라벨톡 X 스노우피크] FW 아웃도어 의류 최초공개!,1135803892,"스노우피크(택가 159,000) 에어리 라운드넥 경량 다운 자켓 3종 택 1 (S25WMTDJ58)",https://m.gsshop.com/prd/prd.gs?prdid=1135803892&mseq=420485-4&pgmId=45933,신규등록
2026-09-30,20260930,8:00,45933,[라벨톡 X 스노우피크] FW 아웃도어 의류 최초공개!,1135810446,"어패럴(택가 139,000) 씬테크 맨투맨 4종 택 1 (S23SUSHT68)",https://m.gsshop.com/prd/prd.gs?prdid=1135810446&mseq=420485-12&pgmId=45933,신규등록
2026-09-30,20260930,8:00,45933,[라벨톡 X 스노우피크] FW 아웃도어 의류 최초공개!,1135830644,"스노우피크(택가 139,000) 브라이트 여성 스커트 3종 택 1 (S24FWFSK71)",https://m.gsshop.com/prd/prd.gs?prdid=1135830644&mseq=420485-3&pgmId=45933,신규등록
2026-09-30,20260930,8:00,45933,[라벨톡 X 스노우피크] FW 아웃도어 의류 최초공개!,1135833093,"어패럴(택가 79,000) 베이직 여성 세미크롭 후드 티셔츠 3종 택 1 (S25FWFHD11)",https://m.gsshop.com/prd/prd.gs?prdid=1135833093&mseq=420485-2&pgmId=45933,신규등록
2026-09-30,20260930,8:00,45933,[라벨톡 X 스노우피크] FW 아웃도어 의류 최초공개!,1135833101,"어패럴 (택가 129,000) 우븐 패치 후드 티셔츠 3종 택 1 (S24FMFHD24)",https://m.gsshop.com/prd/prd.gs?prdid=1135833101&mseq=420485-5&pgmId=45933,신규등록
2026-09-30,20260930,8:00,45933,[라벨톡 X 스노우피크] FW 아웃도어 의류 최초공개!,1135833222,"스노우피크(택가 119,000)니트 여성 조거 팬츠 3종 택 1 (S25SWFFP31)",https://m.gsshop.com/prd/prd.gs?prdid=1135833222&mseq=420485-8&pgmId=45933,신규등록
2026-09-30,20260930,8:00,45933,[라벨톡 X 스노우피크] FW 아웃도어 의류 최초공개!,1135837689,"어패럴(택가 89,000) 랜드 우먼스 모크넥 세미 크롭 기모 맨투맨 2종 택 1 (S23FWFHT67)",https://m.gsshop.com/prd/prd.gs?prdid=1135837689&mseq=420485-7&pgmId=45933,신규등록
2026-09-30,20260930,9:00,45934,[셀폰즈] 녹는실 앰플+체험특가 최초 최다구성,1123613806,[체험특가] 셀폰즈 5초 레가토닝 기미 프로그램 2주 패키지,https://m.gsshop.com/prd/prd.gs?prdid=1123613806&mseq=420485-3&pgmId=45934,신규등록
2026-09-30,20260930,9:00,45934,[셀폰즈] 녹는실 앰플+체험특가 최초 최다구성,1136818501,녹는실 앰플 마스크 8+2BOX (10주분) + 마스크팩 2장,https://m.gsshop.com/prd/prd.gs?prdid=1136818501&mseq=420485-1&pgmId=45934,신규등록
2026-09-30,20260930,9:00,45934,[셀폰즈] 녹는실 앰플+체험특가 최초 최다구성,1136820489,녹는실 앰플 마스크 16+4병 (20주분) + 마스크팩 2,https://m.gsshop.com/prd/prd.gs?prdid=1136820489&mseq=420485-2&pgmId=45934,신규등록
2026-09-30,20260930,9:00,45934,[셀폰즈] 녹는실 앰플+체험특가 최초 최다구성,1136831525,[체험특가] 셀폰즈 2주 체험 풀패키지,https://m.gsshop.com/prd/prd.gs?prdid=1136831525&mseq=420485-4&pgmId=45934,신규등록
2026-09-30,20260930,9:00,45935,[모르간] 오늘의브랜드 특집 가을 빅 세일!,1122505552,"26FW 데님 재킷[런칭 가격 99,900원]",https://m.gsshop.com/prd/prd.gs?prdid=1122505552&mseq=420485-12&pgmId=45935,신규등록
2026-09-30,20260930,9:00,45935,[모르간] 오늘의브랜드 특집 가을 빅 세일!,1124125531,"26FW FAUX 스웨이드셔츠 [런칭 가격 69,900원]",https://m.gsshop.com/prd/prd.gs?prdid=1124125531&mseq=420485-4&pgmId=45935,신규등록
2026-09-30,20260930,9:00,45935,[모르간] 오늘의브랜드 특집 가을 빅 세일!,1124126296,"26FW 베이직 모달100 셔츠[런칭 가격 69,900원]",https://m.gsshop.com/prd/prd.gs?prdid=1124126296&mseq=420485-13&pgmId=45935,신규등록
2026-09-30,20260930,9:00,45935,[모르간] 오늘의브랜드 특집 가을 빅 세일!,1124126604,"26FW 에센셜 가디건 3종[런칭 가격 89,900원]",https://m.gsshop.com/prd/prd.gs?prdid=1124126604&mseq=420485-7&pgmId=45935,신규등록
2026-09-30,20260930,9:00,45935,[모르간] 오늘의브랜드 특집 가을 빅 세일!,1124126956,"26FW 컴포트 밴딩팬츠3종[런칭 가격 89,900원]",https://m.gsshop.com/prd/prd.gs?prdid=1124126956&mseq=420485-8&pgmId=45935,신규등록
2026-09-30,20260930,9:00,45935,[모르간] 오늘의브랜드 특집 가을 빅 세일!,1124127356,26FW 뉴 데님슬랙스,https://m.gsshop.com/prd/prd.gs?prdid=1124127356&mseq=420485-5&pgmId=45935,신규등록
2026-09-30,20260930,9:00,45935,[모르간] 오늘의브랜드 특집 가을 빅 세일!,1124127738,"26FW 패치포켓 팬츠[런칭 가격 69,900원]",https://m.gsshop.com/prd/prd.gs?prdid=1124127738&mseq=420485-14&pgmId=45935,신규등록
2026-09-30,20260930,9:00,45935,[모르간] 오늘의브랜드 특집 가을 빅 세일!,1124185386,"26FW 에센셜 브이넥 니트 3종[런칭 가격 79,900원]",https://m.gsshop.com/prd/prd.gs?prdid=1124185386&mseq=420485-11&pgmId=45935,신규등록
2026-09-30,20260930,9:00,45935,[모르간] 오늘의브랜드 특집 가을 빅 세일!,1124186110,"26FW 에센셜 커프스 져지블라우스 3종[런칭 가격 69,900원]",https://m.gsshop.com/prd/prd.gs?prdid=1124186110&mseq=420485-10&pgmId=45935,신규등록
2026-09-30,20260930,9:00,45935,[모르간] 오늘의브랜드 특집 가을 빅 세일!,1124186803,"26FW 레이스 새틴스커트[런칭 가격 69,900원]",https://m.gsshop.com/prd/prd.gs?prdid=1124186803&mseq=420485-9&pgmId=45935,신규등록
2026-09-30,20260930,9:00,45935,[모르간] 오늘의브랜드 특집 가을 빅 세일!,1124187392,26FW 소모울캐시 스카프 (프리미엄),https://m.gsshop.com/prd/prd.gs?prdid=1124187392&mseq=420485-6&pgmId=45935,신규등록
2026-09-30,20260930,9:00,45935,[모르간] 오늘의브랜드 특집 가을 빅 세일!,1126633905,26FW 울 실크 풀오버 3종,https://m.gsshop.com/prd/prd.gs?prdid=1126633905&mseq=420485-2&pgmId=45935,신규등록
2026-09-30,20260930,9:00,45935,[모르간] 오늘의브랜드 특집 가을 빅 세일!,1126682755,26FW 아틀리에 트윌 울 재킷,https://m.gsshop.com/prd/prd.gs?prdid=1126682755&mseq=420485-1&pgmId=45935,신규등록
2026-09-30,20260930,9:00,45935,[모르간] 오늘의브랜드 특집 가을 빅 세일!,1126683827,26FW 윈터 핀턱 팬츠,https://m.gsshop.com/prd/prd.gs?prdid=1126683827&mseq=420485-3&pgmId=45935,신규등록
2026-09-30,20260930,10:00,45936,[태.피.없] 뷰 브랜드 멤버십 특가 방송! 무료배송!,1101743919,밀크 모이스처 클렌저 50ml 1개 체험특가,https://m.gsshop.com/prd/prd.gs?prdid=1101743919&mseq=420485-22&pgmId=45936,신규등록
2026-09-30,20260930,10:00,45936,[태.피.없] 뷰 브랜드 멤버십 특가 방송! 무료배송!,1103477626,트러플 바이탈 세럼 50ml 체험특가,https://m.gsshop.com/prd/prd.gs?prdid=1103477626&mseq=420485-24&pgmId=45936,신규등록
2026-09-30,20260930,10:00,45936,[태.피.없] 뷰 브랜드 멤버십 특가 방송! 무료배송!,1106981740,베스트 듀오 2종 선물세트(세럼+클렌저) 체험특가,https://m.gsshop.com/prd/prd.gs?prdid=1106981740&mseq=420485-11&pgmId=45936,신규등록
2026-09-30,20260930,10:00,45936,[태.피.없] 뷰 브랜드 멤버십 특가 방송! 무료배송!,1117406879,밀크 모이스처 클렌저 150ml 1개 구성 체험특가,https://m.gsshop.com/prd/prd.gs?prdid=1117406879&mseq=420485-18&pgmId=45936,신규등록
2026-09-30,20260930,10:00,45936,[태.피.없] 뷰 브랜드 멤버십 특가 방송! 무료배송!,1117412919,트러플 바이탈 세럼 150ml 체험특가,https://m.gsshop.com/prd/prd.gs?prdid=1117412919&mseq=420485-14&pgmId=45936,신규등록
2026-09-30,20260930,10:00,45936,[태.피.없] 뷰 브랜드 멤버십 특가 방송! 무료배송!,1117415459,자작나무 워터풀 선크림 50ml 체험특가,https://m.gsshop.com/prd/prd.gs?prdid=1117415459&mseq=420485-20&pgmId=45936,신규등록
2026-09-30,20260930,10:00,45936,[태.피.없] 뷰 브랜드 멤버십 특가 방송! 무료배송!,1117415922,진주알 글로우 톤업 선크림 50ml 1개 체험특가,https://m.gsshop.com/prd/prd.gs?prdid=1117415922&mseq=420485-19&pgmId=45936,신규등록
2026-09-30,20260930,10:00,45936,[태.피.없] 뷰 브랜드 멤버십 특가 방송! 무료배송!,1117417065,레몬 포어리스 에센스 150ml 체험특가,https://m.gsshop.com/prd/prd.gs?prdid=1117417065&mseq=420485-17&pgmId=45936,신규등록
2026-09-30,20260930,10:00,45936,[태.피.없] 뷰 브랜드 멤버십 특가 방송! 무료배송!,1117417543,레몬 포어리스 에센스 50ml 체험특가,https://m.gsshop.com/prd/prd.gs?prdid=1117417543&mseq=420485-23&pgmId=45936,신규등록
2026-09-30,20260930,10:00,45936,[태.피.없] 뷰 브랜드 멤버십 특가 방송! 무료배송!,1117425070,히알스파 모이스처 크림 50ml 1개 체험특가,https://m.gsshop.com/prd/prd.gs?prdid=1117425070&mseq=420485-13&pgmId=45936,신규등록
2026-09-30,20260930,10:00,45936,[태.피.없] 뷰 브랜드 멤버십 특가 방송! 무료배송!,1117425749,유자 멜라토닝 세럼 30ml 1개 체험특가,https://m.gsshop.com/prd/prd.gs?prdid=1117425749&mseq=420485-16&pgmId=45936,신규등록
2026-09-30,20260930,10:00,45936,[태.피.없] 뷰 브랜드 멤버십 특가 방송! 무료배송!,1117923566,"스타트 패키지 클렌징,세럼,에센스 중용량(50ml) 3종 체험특가",https://m.gsshop.com/prd/prd.gs?prdid=1117923566&mseq=420485-10&pgmId=45936,신규등록
2026-09-30,20260930,10:00,45936,[태.피.없] 뷰 브랜드 멤버십 특가 방송! 무료배송!,1118407031,유자 멜라토닝 세럼 30ml 2개 체험특가,https://m.gsshop.com/prd/prd.gs?prdid=1118407031&mseq=420485-4&pgmId=45936,신규등록
2026-09-30,20260930,10:00,45936,[태.피.없] 뷰 브랜드 멤버십 특가 방송! 무료배송!,1118408201,히알스파 모이스처 크림 50ml 2개 체험특가,https://m.gsshop.com/prd/prd.gs?prdid=1118408201&mseq=420485-1&pgmId=45936,신규등록
2026-09-30,20260930,10:00,45936,[태.피.없] 뷰 브랜드 멤버십 특가 방송! 무료배송!,1120629153,밀크 모이스처 클렌저 150ml 2개 구성 체험특가,https://m.gsshop.com/prd/prd.gs?prdid=1120629153&mseq=420485-6&pgmId=45936,신규등록
2026-09-30,20260930,10:00,45936,[태.피.없] 뷰 브랜드 멤버십 특가 방송! 무료배송!,1120723268,진주알 글로우 톤업 선크림 50ml 2개 체험특가,https://m.gsshop.com/prd/prd.gs?prdid=1120723268&mseq=420485-7&pgmId=45936,신규등록
2026-09-30,20260930,10:00,45936,[태.피.없] 뷰 브랜드 멤버십 특가 방송! 무료배송!,1123279343,순면 저자극 엠보싱 화장솜 400매 체험특가,https://m.gsshop.com/prd/prd.gs?prdid=1123279343&mseq=420485-21&pgmId=45936,신규등록
2026-09-30,20260930,10:00,45936,[태.피.없] 뷰 브랜드 멤버십 특가 방송! 무료배송!,1128644587,자작나무 워터풀 선크림 50ml 2개 체험특가,https://m.gsshop.com/prd/prd.gs?prdid=1128644587&mseq=420485-8&pgmId=45936,신규등록
2026-09-30,20260930,10:00,45936,[태.피.없] 뷰 브랜드 멤버십 특가 방송! 무료배송!,1130052630,베스트 트리오 3종 선물세트(세럼+클렌저+선크림+쇼핑백) 체험특가,https://m.gsshop.com/prd/prd.gs?prdid=1130052630&mseq=420485-12&pgmId=45936,신규등록
2026-09-30,20260930,10:00,45936,[태.피.없] 뷰 브랜드 멤버십 특가 방송! 무료배송!,1130202240,순면 저자극 엠보싱 화장솜 400매 2개(총 800매) 체험특가,https://m.gsshop.com/prd/prd.gs?prdid=1130202240&mseq=420485-9&pgmId=45936,신규등록
2026-09-30,20260930,10:00,45936,[태.피.없] 뷰 브랜드 멤버십 특가 방송! 무료배송!,1131135945,녹는실 리프팅 앰플(20ml*3병) 1박스,https://m.gsshop.com/prd/prd.gs?prdid=1131135945&mseq=420485-15&pgmId=45936,신규등록
2026-09-30,20260930,10:00,45936,[태.피.없] 뷰 브랜드 멤버십 특가 방송! 무료배송!,1133259116,녹는실 리프팅 앰플(20ml*3병) 3박스,https://m.gsshop.com/prd/prd.gs?prdid=1133259116&mseq=420485-3&pgmId=45936,신규등록
2026-09-30,20260930,10:00,45936,[태.피.없] 뷰 브랜드 멤버십 특가 방송! 무료배송!,1134252920,레몬 포어리스 에센스 150ml 2개 체험특가,https://m.gsshop.com/prd/prd.gs?prdid=1134252920&mseq=420485-5&pgmId=45936,신규등록
2026-09-30,20260930,10:00,45936,[태.피.없] 뷰 브랜드 멤버십 특가 방송! 무료배송!,1136158132,트러플 바이탈 세럼 150ml 2개 체험특가,https://m.gsshop.com/prd/prd.gs?prdid=1136158132&mseq=420485-2&pgmId=45936,신규등록
2026-09-30,20260930,10:00,45937,[AT 캐리어] 최신상 오리진라이트 시즌2 모바일 런칭,1131677939,[확장가능] AT아메리칸투어리스터 오리진라이트 시즌2 기내용 캐리어 (20인치),https://m.gsshop.com/prd/prd.gs?prdid=1131677939&mseq=420485-2&pgmId=45937,신규등록
2026-09-30,20260930,10:00,45937,[AT 캐리어] 최신상 오리진라이트 시즌2 모바일 런칭,1131681870,[AT]아메리칸투어리스터 오리진라이트 시즌2 수하물용 캐리어(+커버) (27인치),https://m.gsshop.com/prd/prd.gs?prdid=1131681870&mseq=420485-1&pgmId=45937,신규등록
2026-09-30,20260930,11:00,45938,[플로라] 극세사 리프온 침구 방송에서 최대혜택!,1019204502,컬러랜드 먼지없는 세미 차렵이불 패드세트 SS,https://m.gsshop.com/prd/prd.gs?prdid=1019204502&mseq=420485-36&pgmId=45938,신규등록
2026-09-30,20260930,11:00,45938,[플로라] 극세사 리프온 침구 방송에서 최대혜택!,1028118125,모달프렌치 호텔 모달코튼 차렵이불 베개세트 SS,https://m.gsshop.com/prd/prd.gs?prdid=1028118125&mseq=420485-32&pgmId=45938,신규등록
2026-09-30,20260930,11:00,45938,[플로라] 극세사 리프온 침구 방송에서 최대혜택!,1028126475,모달프렌치 호텔 모달코튼 차렵이불 베개세트 Q,https://m.gsshop.com/prd/prd.gs?prdid=1028126475&mseq=420485-33&pgmId=45938,신규등록
2026-09-30,20260930,11:00,45938,[플로라] 극세사 리프온 침구 방송에서 최대혜택!,1040992349,워싱 메리노울 호주산 겨울용 양모이불 패드세트 K,https://m.gsshop.com/prd/prd.gs?prdid=1040992349&mseq=420485-27&pgmId=45938,신규등록
2026-09-30,20260930,11:00,45938,[플로라] 극세사 리프온 침구 방송에서 최대혜택!,1052318272,러닝소프트 먼지없는 세미 차렵이불 패드세트 SS,https://m.gsshop.com/prd/prd.gs?prdid=1052318272&mseq=420485-37&pgmId=45938,신규등록
2026-09-30,20260930,11:00,45938,[플로라] 극세사 리프온 침구 방송에서 최대혜택!,1066708178,올리비아 순면 40수 차렵이불 베개세트 SS,https://m.gsshop.com/prd/prd.gs?prdid=1066708178&mseq=420485-38&pgmId=45938,신규등록
2026-09-30,20260930,11:00,45938,[플로라] 극세사 리프온 침구 방송에서 최대혜택!,1066708198,올리비아 순면 40수 차렵이불 베개세트 Q,https://m.gsshop.com/prd/prd.gs?prdid=1066708198&mseq=420485-39&pgmId=45938,신규등록
2026-09-30,20260930,11:00,45938,[플로라] 극세사 리프온 침구 방송에서 최대혜택!,1080697713,[GS특가] 데일리 먼지없는 세미 침대패드 SS/Q 균일가,https://m.gsshop.com/prd/prd.gs?prdid=1080697713&mseq=420485-6&pgmId=45938,신규등록
2026-09-30,20260930,11:00,45938,[플로라] 극세사 리프온 침구 방송에서 최대혜택!,1098648568,[GS단독] 리프온 프리미엄 극세사 침대패드 K,https://m.gsshop.com/prd/prd.gs?prdid=1098648568&mseq=420485-14&pgmId=45938,신규등록
2026-09-30,20260930,11:00,45938,[플로라] 극세사 리프온 침구 방송에서 최대혜택!,1098648570,[GS단독] 리프온 프리미엄 극세사 침대패드 Q,https://m.gsshop.com/prd/prd.gs?prdid=1098648570&mseq=420485-15&pgmId=45938,신규등록
2026-09-30,20260930,11:00,45938,[플로라] 극세사 리프온 침구 방송에서 최대혜택!,1098648571,[GS단독] 리프온 프리미엄 극세사 침대패드 SS,https://m.gsshop.com/prd/prd.gs?prdid=1098648571&mseq=420485-16&pgmId=45938,신규등록
2026-09-30,20260930,11:00,45938,[플로라] 극세사 리프온 침구 방송에서 최대혜택!,1098648573,[GS단독] 리프온 프리미엄 극세사 착번아웃 차렵이불 패드세트 K (Q이불+K패드+베개커버2장),https://m.gsshop.com/prd/prd.gs?prdid=1098648573&mseq=420485-5&pgmId=45938,신규등록
2026-09-30,20260930,11:00,45938,[플로라] 극세사 리프온 침구 방송에서 최대혜택!,1098648575,[GS단독] 리프온 프리미엄 극세사 착번아웃 차렵이불 패드세트 Q (Q이불+Q패드+베개커버2장),https://m.gsshop.com/prd/prd.gs?prdid=1098648575&mseq=420485-4&pgmId=45938,신규등록
2026-09-30,20260930,11:00,45938,[플로라] 극세사 리프온 침구 방송에서 최대혜택!,1098648576,[GS단독] 리프온 프리미엄 극세사 착번아웃 차렵이불 패드세트 SS (SS이불+SS패드+베개커버1장),https://m.gsshop.com/prd/prd.gs?prdid=1098648576&mseq=420485-3&pgmId=45938,신규등록
2026-09-30,20260930,11:00,45938,[플로라] 극세사 리프온 침구 방송에서 최대혜택!,1098648578,[GS단독] 리프온 프리미엄 극세사 착번아웃 차렵이불 베개세트 Q (Q이불+베개커버2장),https://m.gsshop.com/prd/prd.gs?prdid=1098648578&mseq=420485-2&pgmId=45938,신규등록
2026-09-30,20260930,11:00,45938,[플로라] 극세사 리프온 침구 방송에서 최대혜택!,1098648581,[GS단독] 리프온 프리미엄 극세사 착번아웃 차렵이불 베개세트 SS (SS이불+베개커버1장),https://m.gsshop.com/prd/prd.gs?prdid=1098648581&mseq=420485-1&pgmId=45938,신규등록
2026-09-30,20260930,11:00,45938,[플로라] 극세사 리프온 침구 방송에서 최대혜택!,1098648583,[GS단독] 리프온 프리미엄 극세사 착번아웃 차렵이불 Q (단품),https://m.gsshop.com/prd/prd.gs?prdid=1098648583&mseq=420485-17&pgmId=45938,신규등록
2026-09-30,20260930,11:00,45938,[플로라] 극세사 리프온 침구 방송에서 최대혜택!,1098648586,[GS단독] 리프온 프리미엄 극세사 착번아웃 차렵이불 SS (단품),https://m.gsshop.com/prd/prd.gs?prdid=1098648586&mseq=420485-18&pgmId=45938,신규등록
2026-09-30,20260930,11:00,45938,[플로라] 극세사 리프온 침구 방송에서 최대혜택!,1100528377,워싱 메리노울 호주산 겨울용 양모이불 베개세트 SS,https://m.gsshop.com/prd/prd.gs?prdid=1100528377&mseq=420485-40&pgmId=45938,신규등록
2026-09-30,20260930,11:00,45938,[플로라] 극세사 리프온 침구 방송에서 최대혜택!,1101557661,클린 스트라이프 고밀도 60수 이불커버 패드세트 EK,https://m.gsshop.com/prd/prd.gs?prdid=1101557661&mseq=420485-28&pgmId=45938,신규등록
2026-09-30,20260930,11:00,45938,[플로라] 극세사 리프온 침구 방송에서 최대혜택!,1106937870,코지체크 60수 아사 순면 사계절 차렵이불 패드세트 Q,https://m.gsshop.com/prd/prd.gs?prdid=1106937870&mseq=420485-19&pgmId=45938,신규등록
2026-09-30,20260930,11:00,45938,[플로라] 극세사 리프온 침구 방송에서 최대혜택!,1106937885,코지체크 60수 아사 순면 사계절 차렵이불 패드세트 SS,https://m.gsshop.com/prd/prd.gs?prdid=1106937885&mseq=420485-20&pgmId=45938,신규등록
2026-09-30,20260930,11:00,45938,[플로라] 극세사 리프온 침구 방송에서 최대혜택!,1106937895,코지체크 60수 아사 순면 사계절 차렵이불 SS,https://m.gsshop.com/prd/prd.gs?prdid=1106937895&mseq=420485-21&pgmId=45938,신규등록
2026-09-30,20260930,11:00,45938,[플로라] 극세사 리프온 침구 방송에서 최대혜택!,1106937901,코지체크 60수 아사 순면 사계절 차렵이불 Q,https://m.gsshop.com/prd/prd.gs?prdid=1106937901&mseq=420485-22&pgmId=45938,신규등록
2026-09-30,20260930,11:00,45938,[플로라] 극세사 리프온 침구 방송에서 최대혜택!,1108405771,옐로우가든 모달 사계절 차렵이불 SS,https://m.gsshop.com/prd/prd.gs?prdid=1108405771&mseq=420485-41&pgmId=45938,신규등록
2026-09-30,20260930,11:00,45938,[플로라] 극세사 리프온 침구 방송에서 최대혜택!,1108405784,옐로우가든 모달 사계절 차렵이불 Q,https://m.gsshop.com/prd/prd.gs?prdid=1108405784&mseq=420485-42&pgmId=45938,신규등록
2026-09-30,20260930,11:00,45938,[플로라] 극세사 리프온 침구 방송에서 최대혜택!,1108405881,가드니아 모달 사계절 차렵이불 SS,https://m.gsshop.com/prd/prd.gs?prdid=1108405881&mseq=420485-43&pgmId=45938,신규등록
2026-09-30,20260930,11:00,45938,[플로라] 극세사 리프온 침구 방송에서 최대혜택!,1108405912,가드니아 모달 사계절 차렵이불 베개세트 SS,https://m.gsshop.com/prd/prd.gs?prdid=1108405912&mseq=420485-44&pgmId=45938,신규등록
2026-09-30,20260930,11:00,45938,[플로라] 극세사 리프온 침구 방송에서 최대혜택!,1110201661,버블로지 60수 아사 순면 사계절 차렵이불 베개세트 SS,https://m.gsshop.com/prd/prd.gs?prdid=1110201661&mseq=420485-24&pgmId=45938,신규등록
2026-09-30,20260930,11:00,45938,[플로라] 극세사 리프온 침구 방송에서 최대혜택!,1110201710,버블로지 60수 아사 순면 사계절 차렵이불 SS,https://m.gsshop.com/prd/prd.gs?prdid=1110201710&mseq=420485-23&pgmId=45938,신규등록
2026-09-30,20260930,11:00,45938,[플로라] 극세사 리프온 침구 방송에서 최대혜택!,1110603595,블루밍 모달 옥수수솜 사계절 차렵이불 베개세트 SS,https://m.gsshop.com/prd/prd.gs?prdid=1110603595&mseq=420485-45&pgmId=45938,신규등록
2026-09-30,20260930,11:00,45938,[플로라] 극세사 리프온 침구 방송에서 최대혜택!,1110603740,블루밍 모달 옥수수솜 사계절 차렵이불 패드세트 EK,https://m.gsshop.com/prd/prd.gs?prdid=1110603740&mseq=420485-46&pgmId=45938,신규등록
2026-09-30,20260930,11:00,45938,[플로라] 극세사 리프온 침구 방송에서 최대혜택!,1136487574,[GS특가] 체온조절 호주산 메리노울 양모패드 SS/Q 균일가,https://m.gsshop.com/prd/prd.gs?prdid=1136487574&mseq=420485-7&pgmId=45938,신규등록
2026-09-30,20260930,11:00,45938,[플로라] 극세사 리프온 침구 방송에서 최대혜택!,24823627,토파즈 사박사박 워싱 60수 차렵이불 베개세트 SS,https://m.gsshop.com/prd/prd.gs?prdid=24823627&mseq=420485-29&pgmId=45938,신규등록
2026-09-30,20260930,11:00,45938,[플로라] 극세사 리프온 침구 방송에서 최대혜택!,34252220,뉴베스타 스마트 블렌딩 구스 차렵이불 베개세트 Q,https://m.gsshop.com/prd/prd.gs?prdid=34252220&mseq=420485-25&pgmId=45938,신규등록
2026-09-30,20260930,11:00,45938,[플로라] 극세사 리프온 침구 방송에서 최대혜택!,36146465,라벤더&블루베리 프리미엄 모달코튼 차렵이불 베개세트 SS,https://m.gsshop.com/prd/prd.gs?prdid=36146465&mseq=420485-10&pgmId=45938,신규등록
2026-09-30,20260930,11:00,45938,[플로라] 극세사 리프온 침구 방송에서 최대혜택!,36146540,라벤더&블루베리 프리미엄 모달코튼 차렵이불 베개세트 Q,https://m.gsshop.com/prd/prd.gs?prdid=36146540&mseq=420485-11&pgmId=45938,신규등록
2026-09-30,20260930,11:00,45938,[플로라] 극세사 리프온 침구 방송에서 최대혜택!,52718493,내추럴 40수 순면 고정밴드 침대패드 Q,https://m.gsshop.com/prd/prd.gs?prdid=52718493&mseq=420485-34&pgmId=45938,신규등록
2026-09-30,20260930,11:00,45938,[플로라] 극세사 리프온 침구 방송에서 최대혜택!,52718539,내추럴 40수 순면 고정밴드 침대패드 SS,https://m.gsshop.com/prd/prd.gs?prdid=52718539&mseq=420485-35&pgmId=45938,신규등록
2026-09-30,20260930,11:00,45938,[플로라] 극세사 리프온 침구 방송에서 최대혜택!,55642820,클린 고밀도 순면 60수 이불커버 Q,https://m.gsshop.com/prd/prd.gs?prdid=55642820&mseq=420485-30&pgmId=45938,신규등록
2026-09-30,20260930,11:00,45938,[플로라] 극세사 리프온 침구 방송에서 최대혜택!,56616840,토파즈 사박사박 워싱 60수 차렵이불 Q,https://m.gsshop.com/prd/prd.gs?prdid=56616840&mseq=420485-31&pgmId=45938,신규등록
2026-09-30,20260930,11:00,45938,[플로라] 극세사 리프온 침구 방송에서 최대혜택!,56932084,[GS단독] 마리앙&모달자스민 프리미엄 모달코튼 차렵이불 베개세트 Q,https://m.gsshop.com/prd/prd.gs?prdid=56932084&mseq=420485-8&pgmId=45938,신규등록
2026-09-30,20260930,11:00,45938,[플로라] 극세사 리프온 침구 방송에서 최대혜택!,56932093,[GS단독] 마리앙&모달자스민 프리미엄 모달코튼 차렵이불 베개세트 SS,https://m.gsshop.com/prd/prd.gs?prdid=56932093&mseq=420485-9&pgmId=45938,신규등록
2026-09-30,20260930,11:00,45938,[플로라] 극세사 리프온 침구 방송에서 최대혜택!,57776263,앨리스 순면 40수 차렵이불 베개세트 Q,https://m.gsshop.com/prd/prd.gs?prdid=57776263&mseq=420485-12&pgmId=45938,신규등록
2026-09-30,20260930,11:00,45938,[플로라] 극세사 리프온 침구 방송에서 최대혜택!,57776284,앨리스 순면 40수 차렵이불 베개세트 SS,https://m.gsshop.com/prd/prd.gs?prdid=57776284&mseq=420485-13&pgmId=45938,신규등록
2026-09-30,20260930,11:00,45938,[플로라] 극세사 리프온 침구 방송에서 최대혜택!,65634053,유러피안 고중량 헝가리 구스이불 겨울용 퀸 Q 1000g,https://m.gsshop.com/prd/prd.gs?prdid=65634053&mseq=420485-26&pgmId=45938,신규등록
2026-09-30,20260930,11:00,45939,[SJ와니] 클리어런스 초특가! 최대 73% 할인,1084192893,"샤이니 크리즈 캐시미어 풀오버 1종 (런칭 가격 149,900원)",https://m.gsshop.com/prd/prd.gs?prdid=1084192893&mseq=420485-2&pgmId=45939,신규등록
2026-09-30,20260930,11:00,45939,[SJ와니] 클리어런스 초특가! 최대 73% 할인,1088720122,"어텀 소프트 큐롯 팬츠 1종 (런칭 가격 89,900원)",https://m.gsshop.com/prd/prd.gs?prdid=1088720122&mseq=420485-3&pgmId=45939,신규등록
2026-09-30,20260930,11:00,45939,[SJ와니] 클리어런스 초특가! 최대 73% 할인,1088726852,"바이린 퀼티드 큐롯 팬츠 1종 (런칭 가격 109,900원)",https://m.gsshop.com/prd/prd.gs?prdid=1088726852&mseq=420485-4&pgmId=45939,신규등록
2026-09-30,20260930,11:00,45939,[SJ와니] 클리어런스 초특가! 최대 73% 할인,1088896515,"에어울 판초 니트 베스트 1종 [런칭 가격 89,900원]",https://m.gsshop.com/prd/prd.gs?prdid=1088896515&mseq=420485-1&pgmId=45939,신규등록
2026-09-30,20260930,11:00,45939,[SJ와니] 클리어런스 초특가! 최대 73% 할인,1090645086,"25FW 캐시미어 100 핸드메이드 코트 1종[런칭 가격 1,199,000원]",https://m.gsshop.com/prd/prd.gs?prdid=1090645086&mseq=420485-7&pgmId=45939,신규등록
2026-09-30,20260930,11:00,45939,[SJ와니] 클리어런스 초특가! 최대 73% 할인,1090647474,"25FW 꾸뛰르 캐시미어 100 판초 1종 [런칭 가격 399,900원]",https://m.gsshop.com/prd/prd.gs?prdid=1090647474&mseq=420485-6&pgmId=45939,신규등록
2026-09-30,20260930,11:00,45939,[SJ와니] 클리어런스 초특가! 최대 73% 할인,1090656681,"캐시미어 울 크로쉐 스커트 1종 (런칭 가격 159,900원)",https://m.gsshop.com/prd/prd.gs?prdid=1090656681&mseq=420485-5&pgmId=45939,신규등록
2026-09-30,20260930,12:00,45940,"[뷰 트러플 세럼] 멤버십 특가! 2통 11,900원!",1101743919,밀크 모이스처 클렌저 50ml 1개 체험특가,https://m.gsshop.com/prd/prd.gs?prdid=1101743919&mseq=420485-22&pgmId=45940,신규등록
2026-09-30,20260930,12:00,45940,"[뷰 트러플 세럼] 멤버십 특가! 2통 11,900원!",1103477626,트러플 바이탈 세럼 50ml 체험특가,https://m.gsshop.com/prd/prd.gs?prdid=1103477626&mseq=420485-24&pgmId=45940,신규등록
2026-09-30,20260930,12:00,45940,"[뷰 트러플 세럼] 멤버십 특가! 2통 11,900원!",1106981740,베스트 듀오 2종 선물세트(세럼+클렌저) 체험특가,https://m.gsshop.com/prd/prd.gs?prdid=1106981740&mseq=420485-11&pgmId=45940,신규등록
2026-09-30,20260930,12:00,45940,"[뷰 트러플 세럼] 멤버십 특가! 2통 11,900원!",1117406879,밀크 모이스처 클렌저 150ml 1개 구성 체험특가,https://m.gsshop.com/prd/prd.gs?prdid=1117406879&mseq=420485-18&pgmId=45940,신규등록
2026-09-30,20260930,12:00,45940,"[뷰 트러플 세럼] 멤버십 특가! 2통 11,900원!",1117412919,트러플 바이탈 세럼 150ml 체험특가,https://m.gsshop.com/prd/prd.gs?prdid=1117412919&mseq=420485-13&pgmId=45940,신규등록
2026-09-30,20260930,12:00,45940,"[뷰 트러플 세럼] 멤버십 특가! 2통 11,900원!",1117415459,자작나무 워터풀 선크림 50ml 체험특가,https://m.gsshop.com/prd/prd.gs?prdid=1117415459&mseq=420485-20&pgmId=45940,신규등록
2026-09-30,20260930,12:00,45940,"[뷰 트러플 세럼] 멤버십 특가! 2통 11,900원!",1117415922,진주알 글로우 톤업 선크림 50ml 1개 체험특가,https://m.gsshop.com/prd/prd.gs?prdid=1117415922&mseq=420485-19&pgmId=45940,신규등록
2026-09-30,20260930,12:00,45940,"[뷰 트러플 세럼] 멤버십 특가! 2통 11,900원!",1117417065,레몬 포어리스 에센스 150ml 체험특가,https://m.gsshop.com/prd/prd.gs?prdid=1117417065&mseq=420485-17&pgmId=45940,신규등록
2026-09-30,20260930,12:00,45940,"[뷰 트러플 세럼] 멤버십 특가! 2통 11,900원!",1117417543,레몬 포어리스 에센스 50ml 체험특가,https://m.gsshop.com/prd/prd.gs?prdid=1117417543&mseq=420485-23&pgmId=45940,신규등록
2026-09-30,20260930,12:00,45940,"[뷰 트러플 세럼] 멤버십 특가! 2통 11,900원!",1117425070,히알스파 모이스처 크림 50ml 1개 체험특가,https://m.gsshop.com/prd/prd.gs?prdid=1117425070&mseq=420485-14&pgmId=45940,신규등록
2026-09-30,20260930,12:00,45940,"[뷰 트러플 세럼] 멤버십 특가! 2통 11,900원!",1117425749,유자 멜라토닝 세럼 30ml 1개 체험특가,https://m.gsshop.com/prd/prd.gs?prdid=1117425749&mseq=420485-16&pgmId=45940,신규등록
2026-09-30,20260930,12:00,45940,"[뷰 트러플 세럼] 멤버십 특가! 2통 11,900원!",1117923566,"스타트 패키지 클렌징,세럼,에센스 중용량(50ml) 3종 체험특가",https://m.gsshop.com/prd/prd.gs?prdid=1117923566&mseq=420485-10&pgmId=45940,신규등록
2026-09-30,20260930,12:00,45940,"[뷰 트러플 세럼] 멤버십 특가! 2통 11,900원!",1118407031,유자 멜라토닝 세럼 30ml 2개 체험특가,https://m.gsshop.com/prd/prd.gs?prdid=1118407031&mseq=420485-4&pgmId=45940,신규등록
2026-09-30,20260930,12:00,45940,"[뷰 트러플 세럼] 멤버십 특가! 2통 11,900원!",1118408201,히알스파 모이스처 크림 50ml 2개 체험특가,https://m.gsshop.com/prd/prd.gs?prdid=1118408201&mseq=420485-2&pgmId=45940,신규등록
2026-09-30,20260930,12:00,45940,"[뷰 트러플 세럼] 멤버십 특가! 2통 11,900원!",1120629153,밀크 모이스처 클렌저 150ml 2개 구성 체험특가,https://m.gsshop.com/prd/prd.gs?prdid=1120629153&mseq=420485-6&pgmId=45940,신규등록
2026-09-30,20260930,12:00,45940,"[뷰 트러플 세럼] 멤버십 특가! 2통 11,900원!",1120723268,진주알 글로우 톤업 선크림 50ml 2개 체험특가,https://m.gsshop.com/prd/prd.gs?prdid=1120723268&mseq=420485-7&pgmId=45940,신규등록
2026-09-30,20260930,12:00,45940,"[뷰 트러플 세럼] 멤버십 특가! 2통 11,900원!",1123279343,순면 저자극 엠보싱 화장솜 400매 체험특가,https://m.gsshop.com/prd/prd.gs?prdid=1123279343&mseq=420485-21&pgmId=45940,신규등록
2026-09-30,20260930,12:00,45940,"[뷰 트러플 세럼] 멤버십 특가! 2통 11,900원!",1128644587,자작나무 워터풀 선크림 50ml 2개 체험특가,https://m.gsshop.com/prd/prd.gs?prdid=1128644587&mseq=420485-8&pgmId=45940,신규등록
2026-09-30,20260930,12:00,45940,"[뷰 트러플 세럼] 멤버십 특가! 2통 11,900원!",1130052630,베스트 트리오 3종 선물세트(세럼+클렌저+선크림+쇼핑백) 체험특가,https://m.gsshop.com/prd/prd.gs?prdid=1130052630&mseq=420485-12&pgmId=45940,신규등록
2026-09-30,20260930,12:00,45940,"[뷰 트러플 세럼] 멤버십 특가! 2통 11,900원!",1130202240,순면 저자극 엠보싱 화장솜 400매 2개(총 800매) 체험특가,https://m.gsshop.com/prd/prd.gs?prdid=1130202240&mseq=420485-9&pgmId=45940,신규등록
2026-09-30,20260930,12:00,45940,"[뷰 트러플 세럼] 멤버십 특가! 2통 11,900원!",1131135945,녹는실 리프팅 앰플(20ml*3병) 1박스,https://m.gsshop.com/prd/prd.gs?prdid=1131135945&mseq=420485-15&pgmId=45940,신규등록
2026-09-30,20260930,12:00,45940,"[뷰 트러플 세럼] 멤버십 특가! 2통 11,900원!",1133259116,녹는실 리프팅 앰플(20ml*3병) 3박스,https://m.gsshop.com/prd/prd.gs?prdid=1133259116&mseq=420485-3&pgmId=45940,신규등록
2026-09-30,20260930,12:00,45940,"[뷰 트러플 세럼] 멤버십 특가! 2통 11,900원!",1134252920,레몬 포어리스 에센스 150ml 2개 체험특가,https://m.gsshop.com/prd/prd.gs?prdid=1134252920&mseq=420485-5&pgmId=45940,신규등록
2026-09-30,20260930,12:00,45940,"[뷰 트러플 세럼] 멤버십 특가! 2통 11,900원!",1136158132,트러플 바이탈 세럼 150ml 2개 체험특가,https://m.gsshop.com/prd/prd.gs?prdid=1136158132&mseq=420485-1&pgmId=45940,신규등록
2026-09-30,20260930,13:00,45941,[브루마스] 26FW 최신상 최초공개+방송중 할인찬스,1105673155,비바스니커즈,https://m.gsshop.com/prd/prd.gs?prdid=1105673155&mseq=420485-3&pgmId=45941,신규등록
2026-09-30,20260930,13:00,45941,[브루마스] 26FW 최신상 최초공개+방송중 할인찬스,1133072227,26FW 울 워킹화 여성 (울98%),https://m.gsshop.com/prd/prd.gs?prdid=1133072227&mseq=420485-1&pgmId=45941,신규등록
2026-09-30,20260930,13:00,45941,[브루마스] 26FW 최신상 최초공개+방송중 할인찬스,1133072552,26FW 울 워킹화 남성 (울98%),https://m.gsshop.com/prd/prd.gs?prdid=1133072552&mseq=420485-2&pgmId=45941,신규등록
2026-09-30,20260930,13:00,45941,[브루마스] 26FW 최신상 최초공개+방송중 할인찬스,1133193713,메리노울 운동화 여성 (울98%),https://m.gsshop.com/prd/prd.gs?prdid=1133193713&mseq=420485-4&pgmId=45941,신규등록
2026-09-30,20260930,13:00,45941,[브루마스] 26FW 최신상 최초공개+방송중 할인찬스,1133194033,메리노울 운동화 남성 (울98%),https://m.gsshop.com/prd/prd.gs?prdid=1133194033&mseq=420485-5&pgmId=45941,신규등록
2026-09-30,20260930,14:00,45942,[쏘내추럴] 26FW 방송에서만 15% 할인,1127502006,26FW 스모킹 자수 블라우스,https://m.gsshop.com/prd/prd.gs?prdid=1127502006&mseq=420485-5&pgmId=45942,신규등록
2026-09-30,20260930,14:00,45942,[쏘내추럴] 26FW 방송에서만 15% 할인,1127502504,26FW 피그먼트 커브드 데님 팬츠,https://m.gsshop.com/prd/prd.gs?prdid=1127502504&mseq=420485-6&pgmId=45942,신규등록
2026-09-30,20260930,14:00,45942,[쏘내추럴] 26FW 방송에서만 15% 할인,1127504730,26FW 소프트 커브드 크롭 팬츠,https://m.gsshop.com/prd/prd.gs?prdid=1127504730&mseq=420485-3&pgmId=45942,신규등록
2026-09-30,20260930,14:00,45942,[쏘내추럴] 26FW 방송에서만 15% 할인,1127506884,26FW 코듀로이 후드 웨더 점퍼,https://m.gsshop.com/prd/prd.gs?prdid=1127506884&mseq=420485-10&pgmId=45942,신규등록
2026-09-30,20260930,14:00,45942,[쏘내추럴] 26FW 방송에서만 15% 할인,1128333677,"26FW 시퀸 볼륨 점퍼 [런칭 가격 99,900원]",https://m.gsshop.com/prd/prd.gs?prdid=1128333677&mseq=420485-9&pgmId=45942,신규등록
2026-09-30,20260930,14:00,45942,[쏘내추럴] 26FW 방송에서만 15% 할인,1128810732,26FW 이태리 똘레뇨 울 100 가디건,https://m.gsshop.com/prd/prd.gs?prdid=1128810732&mseq=420485-8&pgmId=45942,신규등록
2026-09-30,20260930,14:00,45942,[쏘내추럴] 26FW 방송에서만 15% 할인,1128882857,26FW 엑스트라 파인 울100 니트 2종,https://m.gsshop.com/prd/prd.gs?prdid=1128882857&mseq=420485-1&pgmId=45942,신규등록
2026-09-30,20260930,14:00,45942,[쏘내추럴] 26FW 방송에서만 15% 할인,1128891191,26FW 울 플러피 체크 베스트,https://m.gsshop.com/prd/prd.gs?prdid=1128891191&mseq=420485-4&pgmId=45942,신규등록
2026-09-30,20260930,14:00,45942,[쏘내추럴] 26FW 방송에서만 15% 할인,1129705164,"26FW 캐시미어 홀가먼트 V넥 니트 3종 [런칭 가격 79,900원]",https://m.gsshop.com/prd/prd.gs?prdid=1129705164&mseq=420485-7&pgmId=45942,신규등록
2026-09-30,20260930,14:00,45942,[쏘내추럴] 26FW 방송에서만 15% 할인,1129722924,26FW 호주산 울 모닐리 니트 재킷,https://m.gsshop.com/prd/prd.gs?prdid=1129722924&mseq=420485-2&pgmId=45942,신규등록
2026-09-30,20260930,14:00,45942,[쏘내추럴] 26FW 방송에서만 15% 할인,1130659501,"26FW 모닐리 소프트 티블라우스 3종 [런칭 가격 79,900원]",https://m.gsshop.com/prd/prd.gs?prdid=1130659501&mseq=420485-11&pgmId=45942,신규등록
2026-09-30,20260930,15:00,45943,"[고등어밥상] 요즘 귀한 고등어! 균일가 37,900원",1034495907,코다리밥상 순살코다리 4팩 총 2kg+매콤조림소스 500g,https://m.gsshop.com/prd/prd.gs?prdid=1034495907&mseq=420485-4&pgmId=45943,신규등록
2026-09-30,20260930,15:00,45943,"[고등어밥상] 요즘 귀한 고등어! 균일가 37,900원",1034507598,"미역국밥상 바지락 듬뿍 미역국 5팩, 총 3kg",https://m.gsshop.com/prd/prd.gs?prdid=1034507598&mseq=420485-5&pgmId=45943,신규등록
2026-09-30,20260930,15:00,45943,"[고등어밥상] 요즘 귀한 고등어! 균일가 37,900원",1062535928,"피쉬너겟 500g*2봉(20~26조각), 총 1kg",https://m.gsshop.com/prd/prd.gs?prdid=1062535928&mseq=420485-6&pgmId=45943,신규등록
2026-09-30,20260930,15:00,45943,"[고등어밥상] 요즘 귀한 고등어! 균일가 37,900원",1066323602,"[GS단독] 가시제거연구소 순살가자미 650g*4봉, 총 32~36필렛",https://m.gsshop.com/prd/prd.gs?prdid=1066323602&mseq=420485-7&pgmId=45943,신규등록
2026-09-30,20260930,15:00,45943,"[고등어밥상] 요즘 귀한 고등어! 균일가 37,900원",1070598448,[GS단독] 가시제거연구소 새우까스콤보 2팩 총 1.2kg,https://m.gsshop.com/prd/prd.gs?prdid=1070598448&mseq=420485-8&pgmId=45943,신규등록
2026-09-30,20260930,15:00,45943,"[고등어밥상] 요즘 귀한 고등어! 균일가 37,900원",1072628184,[GS단독] 가시제거연구소 새우까스콤보 3팩 총 1.8kg + 양파타타르소스 500g,https://m.gsshop.com/prd/prd.gs?prdid=1072628184&mseq=420485-9&pgmId=45943,신규등록
2026-09-30,20260930,15:00,45943,"[고등어밥상] 요즘 귀한 고등어! 균일가 37,900원",1102291353,[GS단독] 가시제거연구소 생선까스 3팩 총 1.65kg + 양파 타타르소스 500g,https://m.gsshop.com/prd/prd.gs?prdid=1102291353&mseq=420485-10&pgmId=45943,신규등록
2026-09-30,20260930,15:00,45943,"[고등어밥상] 요즘 귀한 고등어! 균일가 37,900원",1102291847,[GS단독] 가시제거연구소 생선까스 550g 2팩,https://m.gsshop.com/prd/prd.gs?prdid=1102291847&mseq=420485-20&pgmId=45943,신규등록
2026-09-30,20260930,15:00,45943,"[고등어밥상] 요즘 귀한 고등어! 균일가 37,900원",1108240312,[GS단독] 가시제거연구소 고등어밥상 노르웨이 순살고등어 550g 2봉,https://m.gsshop.com/prd/prd.gs?prdid=1108240312&mseq=420485-1&pgmId=45943,신규등록
2026-09-30,20260930,15:00,45943,"[고등어밥상] 요즘 귀한 고등어! 균일가 37,900원",1108241611,[GS단독] 가시제거연구소 고등어밥상 노르웨이 순살고등어 550g 3봉,https://m.gsshop.com/prd/prd.gs?prdid=1108241611&mseq=420485-11&pgmId=45943,신규등록
2026-09-30,20260930,15:00,45943,"[고등어밥상] 요즘 귀한 고등어! 균일가 37,900원",1109759020,[GS단독] 가시제거연구소 고등어밥상 국내산 제주산 순살고등어 500g 2봉,https://m.gsshop.com/prd/prd.gs?prdid=1109759020&mseq=420485-12&pgmId=45943,신규등록
2026-09-30,20260930,15:00,45943,"[고등어밥상] 요즘 귀한 고등어! 균일가 37,900원",1109760318,[GS단독] 가시제거연구소 고등어밥상 국내산 제주산 순살고등어 500g 3봉,https://m.gsshop.com/prd/prd.gs?prdid=1109760318&mseq=420485-2&pgmId=45943,신규등록
2026-09-30,20260930,15:00,45943,"[고등어밥상] 요즘 귀한 고등어! 균일가 37,900원",1109761337,[GS단독] 가시제거연구소 고등어밥상 국내산 제주산 순살고등어 500g 4봉,https://m.gsshop.com/prd/prd.gs?prdid=1109761337&mseq=420485-13&pgmId=45943,신규등록
2026-09-30,20260930,15:00,45943,"[고등어밥상] 요즘 귀한 고등어! 균일가 37,900원",1118447946,[GS단독] 가시제거연구소 제철생선 시리즈 순살 농어,https://m.gsshop.com/prd/prd.gs?prdid=1118447946&mseq=420485-14&pgmId=45943,신규등록
2026-09-30,20260930,15:00,45943,"[고등어밥상] 요즘 귀한 고등어! 균일가 37,900원",1118449174,[GS단독] 가시제거연구소 제철생선 시리즈 순살 전갱이,https://m.gsshop.com/prd/prd.gs?prdid=1118449174&mseq=420485-15&pgmId=45943,신규등록
2026-09-30,20260930,15:00,45943,"[고등어밥상] 요즘 귀한 고등어! 균일가 37,900원",1118470913,[GS단독] 가시제거연구소 반건조 납세미 순살 말린 손질 가자미 650g 2팩,https://m.gsshop.com/prd/prd.gs?prdid=1118470913&mseq=420485-16&pgmId=45943,신규등록
2026-09-30,20260930,15:00,45943,"[고등어밥상] 요즘 귀한 고등어! 균일가 37,900원",1119611411,[GS단독] 가시제거연구소 바삭통새우튀김 300g 2팩,https://m.gsshop.com/prd/prd.gs?prdid=1119611411&mseq=420485-17&pgmId=45943,신규등록
2026-09-30,20260930,15:00,45943,"[고등어밥상] 요즘 귀한 고등어! 균일가 37,900원",92241073,[삼치밥상] 가시제거 순살 삼치 2봉 (1봉당 7~8팩 / 800g) 1.6kg,https://m.gsshop.com/prd/prd.gs?prdid=92241073&mseq=420485-18&pgmId=45943,신규등록
2026-09-30,20260930,15:00,45943,"[고등어밥상] 요즘 귀한 고등어! 균일가 37,900원",92708340,"[GS단독] 가시제거연구소 순살가자미 650g*2봉, 총 16~18필렛",https://m.gsshop.com/prd/prd.gs?prdid=92708340&mseq=420485-19&pgmId=45943,신규등록
2026-09-30,20260930,15:00,45943,"[고등어밥상] 요즘 귀한 고등어! 균일가 37,900원",99459963,[삼치밥상] 가시제거 순살 삼치 4봉 (1봉당 8팩 / 800g) 3.2kg,https://m.gsshop.com/prd/prd.gs?prdid=99459963&mseq=420485-3&pgmId=45943,신규등록
2026-09-30,20260930,16:00,45944,[GS패션아울렛] 라삐아프 26FW 리오더 물량 비상!,1103153373,"데님 워크자켓 1종[런칭 가격 109,000원]",https://m.gsshop.com/prd/prd.gs?prdid=1103153373&mseq=420485-1&pgmId=45944,신규등록
2026-09-30,20260930,16:00,45944,[GS패션아울렛] 라삐아프 26FW 리오더 물량 비상!,1127658292,26FW 에어리 코튼혼방 레이어드 티셔츠 3종(60수),https://m.gsshop.com/prd/prd.gs?prdid=1127658292&mseq=420485-2&pgmId=45944,신규등록
2026-09-30,20260930,16:00,45944,[GS패션아울렛] 라삐아프 26FW 리오더 물량 비상!,1127677646,26FW 루즈핏 클래식 V넥 니트 풀오버 3종,https://m.gsshop.com/prd/prd.gs?prdid=1127677646&mseq=420485-3&pgmId=45944,신규등록
2026-09-30,20260930,16:00,45944,[GS패션아울렛] 라삐아프 26FW 리오더 물량 비상!,1129005975,26FW 커브드 벌룬핏 데님 팬츠 1종,https://m.gsshop.com/prd/prd.gs?prdid=1129005975&mseq=420485-7&pgmId=45944,신규등록
2026-09-30,20260930,16:00,45944,[GS패션아울렛] 라삐아프 26FW 리오더 물량 비상!,1129856320,26FW 프린지 멀티 체크 아우터 셔츠 1종,https://m.gsshop.com/prd/prd.gs?prdid=1129856320&mseq=420485-4&pgmId=45944,신규등록
2026-09-30,20260930,16:00,45944,[GS패션아울렛] 라삐아프 26FW 리오더 물량 비상!,1129856408,"최초 2만원 인하 라삐아프 26FW 오픈업 베스트+가디건 레이어드 세트 [런칭 가격 79,900원]",https://m.gsshop.com/prd/prd.gs?prdid=1129856408&mseq=420485-5&pgmId=45944,신규등록
2026-09-30,20260930,16:00,45944,[GS패션아울렛] 라삐아프 26FW 리오더 물량 비상!,1131613367,26FW 레이스 디테일 니트탑 2종(블랙+크림),https://m.gsshop.com/prd/prd.gs?prdid=1131613367&mseq=420485-6&pgmId=45944,신규등록
2026-09-30,20260930,17:00,45945,[산지애] 지금 가장 맛있는 품종! 황금사과 시나노골드,1023523841,황금 사과 시나노골드 6kg (3kg*2박스),https://m.gsshop.com/prd/prd.gs?prdid=1023523841&mseq=420485-2&pgmId=45945,신규등록
2026-09-30,20260930,17:00,45945,[산지애] 지금 가장 맛있는 품종! 황금사과 시나노골드,1023524825,황금 사과 시나노골드 햇사과 3kg,https://m.gsshop.com/prd/prd.gs?prdid=1023524825&mseq=420485-3&pgmId=45945,신규등록
2026-09-30,20260930,17:00,45945,[산지애] 지금 가장 맛있는 품종! 황금사과 시나노골드,1136455733,황금 사과 시나노골드 햇사과 9kg (3kg*3박스),https://m.gsshop.com/prd/prd.gs?prdid=1136455733&mseq=420485-1&pgmId=45945,신규등록
2026-09-30,20260930,18:00,45946,[스케쳐스] 코지핏 슬립인스 방송중 10% 할인!,1116768061,26FW 최신상 여성용 릴랙스드 코지 슬립인스 워킹화,https://m.gsshop.com/prd/prd.gs?prdid=1116768061&mseq=420485-1&pgmId=45946,신규등록
2026-09-30,20260930,18:00,45946,[스케쳐스] 코지핏 슬립인스 방송중 10% 할인!,1116768484,26FW 최신상 남성용 릴랙스드 슬립인스 워킹화,https://m.gsshop.com/prd/prd.gs?prdid=1116768484&mseq=420485-2&pgmId=45946,신규등록
2026-09-30,20260930,19:00,45947,[마리끌레르] 26FW 최신상 단독! 경량패딩 2만원대,1135163171,페이크 퍼 후드 니트 집업(MAGDKC04MIV),https://m.gsshop.com/prd/prd.gs?prdid=1135163171&mseq=420485-7&pgmId=45947,신규등록
2026-09-30,20260930,19:00,45947,[마리끌레르] 26FW 최신상 단독! 경량패딩 2만원대,1136469107,경량 후드 미디 패딩(MAGDPD11MBK),https://m.gsshop.com/prd/prd.gs?prdid=1136469107&mseq=420485-2&pgmId=45947,신규등록
2026-09-30,20260930,19:00,45947,[마리끌레르] 26FW 최신상 단독! 경량패딩 2만원대,1136661836,니트 카라 퀼팅 패딩 베스트 2종 택1(MAGDVT01M),https://m.gsshop.com/prd/prd.gs?prdid=1136661836&mseq=420485-1&pgmId=45947,신규등록
2026-09-30,20260930,19:00,45947,[마리끌레르] 26FW 최신상 단독! 경량패딩 2만원대,1136661840,코듀로이 배색 카라 퀼팅 패딩 2종 택1(MAGDPD03M),https://m.gsshop.com/prd/prd.gs?prdid=1136661840&mseq=420485-3&pgmId=45947,신규등록
2026-09-30,20260930,19:00,45947,[마리끌레르] 26FW 최신상 단독! 경량패딩 2만원대,1136661871,페이크 퍼 후드 니트 집업 2종 택1(MAGDKC04M),https://m.gsshop.com/prd/prd.gs?prdid=1136661871&mseq=420485-7&pgmId=45947,편성제외
2026-09-30,20260930,19:00,45947,[마리끌레르] 26FW 최신상 단독! 경량패딩 2만원대,1136661874,베이직 로고 울 카라 니트 3종 택1(MAGCKN02M),https://m.gsshop.com/prd/prd.gs?prdid=1136661874&mseq=420485-4&pgmId=45947,신규등록
2026-09-30,20260930,19:00,45947,[마리끌레르] 26FW 최신상 단독! 경량패딩 2만원대,1136661877,베이직 로고 울 브이넥 니트 7종 택1(MAGCKN03M),https://m.gsshop.com/prd/prd.gs?prdid=1136661877&mseq=420485-5&pgmId=45947,신규등록
2026-09-30,20260930,19:00,45947,[마리끌레르] 26FW 최신상 단독! 경량패딩 2만원대,1136661886,베이직 로고 울 라운드 니트 7종 택1(MAGCKN05M),https://m.gsshop.com/prd/prd.gs?prdid=1136661886&mseq=420485-6&pgmId=45947,신규등록
2026-09-30,20260930,19:00,45947,[마리끌레르] 26FW 최신상 단독! 경량패딩 2만원대,1136661958,페이크 레더 하프 자켓 2종 택1(MAGCJK04M),https://m.gsshop.com/prd/prd.gs?prdid=1136661958&mseq=420485-8&pgmId=45947,신규등록
2026-09-30,20260930,19:00,45948,[버버리/구찌] 추석전 명품 특가 생방송,1132173832,"메들리 바람막이 후드 자켓 (블랙 8119149 / 베이지 8119148,8122247)",https://m.gsshop.com/prd/prd.gs?prdid=1132173832&mseq=420485-2&pgmId=45948,신규등록
2026-09-30,20260930,19:00,45948,[버버리/구찌] 추석전 명품 특가 생방송,1132173914,파크게이트 퀼팅 자켓 (8121467),https://m.gsshop.com/prd/prd.gs?prdid=1132173914&mseq=420485-1&pgmId=45948,신규등록
2026-09-30,20260930,19:00,45948,[버버리/구찌] 추석전 명품 특가 생방송,1136424934,달리 퀼팅 자켓 (8120010 / 8121453),https://m.gsshop.com/prd/prd.gs?prdid=1136424934&mseq=420485-3&pgmId=45948,신규등록
2026-09-30,20260930,19:00,45948,[버버리/구찌] 추석전 명품 특가 생방송,1136424939,헤밍필드 후드 퀼팅 벨티드 자켓 (8122291),https://m.gsshop.com/prd/prd.gs?prdid=1136424939&mseq=420485-4&pgmId=45948,신규등록
2026-09-30,20260930,19:00,45948,[버버리/구찌] 추석전 명품 특가 생방송,1136541035,오피디아 홀스빗 프린트 미니백 774336-FACYR-8548__,https://m.gsshop.com/prd/prd.gs?prdid=1136541035&mseq=420485-5&pgmId=45948,신규등록
2026-09-30,20260930,19:00,45948,[버버리/구찌] 추석전 명품 특가 생방송,1136541041,미니 크로스백 609407-VCPP5-8859_,https://m.gsshop.com/prd/prd.gs?prdid=1136541041&mseq=420485-6&pgmId=45948,신규등록
2026-09-30,20260930,19:00,45948,[버버리/구찌] 추석전 명품 특가 생방송,1136541047,GG 마몬트 미니 버킷백 575163-DTDRT-1000_,https://m.gsshop.com/prd/prd.gs?prdid=1136541047&mseq=420485-7&pgmId=45948,신규등록
2026-09-30,20260930,19:00,45948,[버버리/구찌] 추석전 명품 특가 생방송,1136679926,체크 스몰 버킷백 (8084045),https://m.gsshop.com/prd/prd.gs?prdid=1136679926&mseq=420485-8&pgmId=45948,신규등록
2026-09-30,20260930,20:00,45949,[삼성 금거래소] 금 구매 적기! 최대 60개월 할부!,1055307855,프레스 골드바 6.5g,https://m.gsshop.com/prd/prd.gs?prdid=1055307855&mseq=420485-34&pgmId=45949,신규등록
2026-09-30,20260930,20:00,45949,[삼성 금거래소] 금 구매 적기! 최대 60개월 할부!,1055307881,프레스 골드바 11.25g,https://m.gsshop.com/prd/prd.gs?prdid=1055307881&mseq=420485-46&pgmId=45949,신규등록
2026-09-30,20260930,20:00,45949,[삼성 금거래소] 금 구매 적기! 최대 60개월 할부!,1055307889,프레스 골드바 10g,https://m.gsshop.com/prd/prd.gs?prdid=1055307889&mseq=420485-42&pgmId=45949,신규등록
2026-09-30,20260930,20:00,45949,[삼성 금거래소] 금 구매 적기! 최대 60개월 할부!,1055307899,프레스 골드바 7.5g,https://m.gsshop.com/prd/prd.gs?prdid=1055307899&mseq=420485-38&pgmId=45949,신규등록
2026-09-30,20260930,20:00,45949,[삼성 금거래소] 금 구매 적기! 최대 60개월 할부!,1055307903,프레스 골드바 3.75g,https://m.gsshop.com/prd/prd.gs?prdid=1055307903&mseq=420485-26&pgmId=45949,신규등록
2026-09-30,20260930,20:00,45949,[삼성 금거래소] 금 구매 적기! 최대 60개월 할부!,1055307907,프레스 골드바 1.875g,https://m.gsshop.com/prd/prd.gs?prdid=1055307907&mseq=420485-14&pgmId=45949,신규등록
2026-09-30,20260930,20:00,45949,[삼성 금거래소] 금 구매 적기! 최대 60개월 할부!,1055307911,프레스 골드바 1g,https://m.gsshop.com/prd/prd.gs?prdid=1055307911&mseq=420485-13&pgmId=45949,신규등록
2026-09-30,20260930,20:00,45949,[삼성 금거래소] 금 구매 적기! 최대 60개월 할부!,1084358684,프레스 골드바 5g,https://m.gsshop.com/prd/prd.gs?prdid=1084358684&mseq=420485-30&pgmId=45949,신규등록
2026-09-30,20260930,20:00,45949,[삼성 금거래소] 금 구매 적기! 최대 60개월 할부!,1104273458,프레스 골드바 0.5g,https://m.gsshop.com/prd/prd.gs?prdid=1104273458&mseq=420485-12&pgmId=45949,신규등록
2026-09-30,20260930,20:00,45949,[삼성 금거래소] 금 구매 적기! 최대 60개월 할부!,1107135492,프레스 골드바 3g,https://m.gsshop.com/prd/prd.gs?prdid=1107135492&mseq=420485-22&pgmId=45949,신규등록
2026-09-30,20260930,20:00,45949,[삼성 금거래소] 금 구매 적기! 최대 60개월 할부!,1107135495,프레스 골드바 2g,https://m.gsshop.com/prd/prd.gs?prdid=1107135495&mseq=420485-18&pgmId=45949,신규등록
2026-09-30,20260930,20:00,45949,[삼성 금거래소] 금 구매 적기! 최대 60개월 할부!,1130688455,광화문 실버바 200g,https://m.gsshop.com/prd/prd.gs?prdid=1130688455&mseq=420485-5&pgmId=45949,신규등록
2026-09-30,20260930,20:00,45949,[삼성 금거래소] 금 구매 적기! 최대 60개월 할부!,1133812390,말 실버바 Silver Bar 100g,https://m.gsshop.com/prd/prd.gs?prdid=1133812390&mseq=420485-1&pgmId=45949,신규등록
2026-09-30,20260930,20:00,45949,[삼성 금거래소] 금 구매 적기! 최대 60개월 할부!,1134697362,[최대 24개월 무이자][삼성금거래소] 프레스 골드바 11.25g,https://m.gsshop.com/prd/prd.gs?prdid=1134697362&mseq=420485-47&pgmId=45949,신규등록
2026-09-30,20260930,20:00,45949,[삼성 금거래소] 금 구매 적기! 최대 60개월 할부!,1134697365,[최대 24개월 무이자][삼성금거래소] 프레스 골드바 10g,https://m.gsshop.com/prd/prd.gs?prdid=1134697365&mseq=420485-43&pgmId=45949,신규등록
2026-09-30,20260930,20:00,45949,[삼성 금거래소] 금 구매 적기! 최대 60개월 할부!,1134697368,[최대 24개월 무이자][삼성금거래소] 프레스 골드바 7.5g,https://m.gsshop.com/prd/prd.gs?prdid=1134697368&mseq=420485-39&pgmId=45949,신규등록
2026-09-30,20260930,20:00,45949,[삼성 금거래소] 금 구매 적기! 최대 60개월 할부!,1134697370,[최대 24개월 무이자][삼성금거래소] 프레스 골드바 6.5g,https://m.gsshop.com/prd/prd.gs?prdid=1134697370&mseq=420485-35&pgmId=45949,신규등록
2026-09-30,20260930,20:00,45949,[삼성 금거래소] 금 구매 적기! 최대 60개월 할부!,1134697372,[최대 24개월 무이자][삼성금거래소] 프레스 골드바 5g,https://m.gsshop.com/prd/prd.gs?prdid=1134697372&mseq=420485-31&pgmId=45949,신규등록
2026-09-30,20260930,20:00,45949,[삼성 금거래소] 금 구매 적기! 최대 60개월 할부!,1134697375,[최대 24개월 무이자][삼성금거래소] 프레스 골드바 3.75g,https://m.gsshop.com/prd/prd.gs?prdid=1134697375&mseq=420485-27&pgmId=45949,신규등록
2026-09-30,20260930,20:00,45949,[삼성 금거래소] 금 구매 적기! 최대 60개월 할부!,1134697377,[최대 24개월 무이자][삼성금거래소] 프레스 골드바 3g,https://m.gsshop.com/prd/prd.gs?prdid=1134697377&mseq=420485-23&pgmId=45949,신규등록
2026-09-30,20260930,20:00,45949,[삼성 금거래소] 금 구매 적기! 최대 60개월 할부!,1134697379,[최대 24개월 무이자][삼성금거래소] 프레스 골드바 2g,https://m.gsshop.com/prd/prd.gs?prdid=1134697379&mseq=420485-19&pgmId=45949,신규등록
2026-09-30,20260930,20:00,45949,[삼성 금거래소] 금 구매 적기! 최대 60개월 할부!,1134697382,[최대 24개월 무이자][삼성금거래소] 프레스 골드바 1.875g,https://m.gsshop.com/prd/prd.gs?prdid=1134697382&mseq=420485-15&pgmId=45949,신규등록
2026-09-30,20260930,20:00,45949,[삼성 금거래소] 금 구매 적기! 최대 60개월 할부!,1134855379,[최대 36개월 무이자][삼성금거래소] 프레스 골드바 1.875g,https://m.gsshop.com/prd/prd.gs?prdid=1134855379&mseq=420485-16&pgmId=45949,신규등록
2026-09-30,20260930,20:00,45949,[삼성 금거래소] 금 구매 적기! 최대 60개월 할부!,1134855388,[최대 36개월 무이자][삼성금거래소] 프레스 골드바 2g,https://m.gsshop.com/prd/prd.gs?prdid=1134855388&mseq=420485-20&pgmId=45949,신규등록
2026-09-30,20260930,20:00,45949,[삼성 금거래소] 금 구매 적기! 최대 60개월 할부!,1134855399,[최대 36개월 무이자][삼성금거래소] 프레스 골드바 3g,https://m.gsshop.com/prd/prd.gs?prdid=1134855399&mseq=420485-24&pgmId=45949,신규등록
2026-09-30,20260930,20:00,45949,[삼성 금거래소] 금 구매 적기! 최대 60개월 할부!,1134855414,[최대 36개월 무이자][삼성금거래소] 프레스 골드바 3.75g,https://m.gsshop.com/prd/prd.gs?prdid=1134855414&mseq=420485-28&pgmId=45949,신규등록
2026-09-30,20260930,20:00,45949,[삼성 금거래소] 금 구매 적기! 최대 60개월 할부!,1134855424,[최대 36개월 무이자][삼성금거래소] 프레스 골드바 5g,https://m.gsshop.com/prd/prd.gs?prdid=1134855424&mseq=420485-32&pgmId=45949,신규등록
2026-09-30,20260930,20:00,45949,[삼성 금거래소] 금 구매 적기! 최대 60개월 할부!,1134855430,[최대 36개월 무이자][삼성금거래소] 프레스 골드바 6.5g,https://m.gsshop.com/prd/prd.gs?prdid=1134855430&mseq=420485-36&pgmId=45949,신규등록
2026-09-30,20260930,20:00,45949,[삼성 금거래소] 금 구매 적기! 최대 60개월 할부!,1134855437,[최대 36개월 무이자][삼성금거래소] 프레스 골드바 7.5g,https://m.gsshop.com/prd/prd.gs?prdid=1134855437&mseq=420485-40&pgmId=45949,신규등록
2026-09-30,20260930,20:00,45949,[삼성 금거래소] 금 구매 적기! 최대 60개월 할부!,1134855446,[최대 36개월 무이자][삼성금거래소] 프레스 골드바 10g,https://m.gsshop.com/prd/prd.gs?prdid=1134855446&mseq=420485-44&pgmId=45949,신규등록
2026-09-30,20260930,20:00,45949,[삼성 금거래소] 금 구매 적기! 최대 60개월 할부!,1134855455,[최대 36개월 무이자][삼성금거래소] 프레스 골드바 11.25g,https://m.gsshop.com/prd/prd.gs?prdid=1134855455&mseq=420485-48&pgmId=45949,신규등록
2026-09-30,20260930,20:00,45949,[삼성 금거래소] 금 구매 적기! 최대 60개월 할부!,1134855489,[최대 60개월 무이자][삼성금거래소] 프레스 골드바 1.875g,https://m.gsshop.com/prd/prd.gs?prdid=1134855489&mseq=420485-17&pgmId=45949,신규등록
2026-09-30,20260930,20:00,45949,[삼성 금거래소] 금 구매 적기! 최대 60개월 할부!,1134855498,[최대 60개월 무이자][삼성금거래소] 프레스 골드바 2g,https://m.gsshop.com/prd/prd.gs?prdid=1134855498&mseq=420485-21&pgmId=45949,신규등록
2026-09-30,20260930,20:00,45949,[삼성 금거래소] 금 구매 적기! 최대 60개월 할부!,1134855506,[최대 60개월 무이자][삼성금거래소] 프레스 골드바 3g,https://m.gsshop.com/prd/prd.gs?prdid=1134855506&mseq=420485-25&pgmId=45949,신규등록
2026-09-30,20260930,20:00,45949,[삼성 금거래소] 금 구매 적기! 최대 60개월 할부!,1134855516,[최대 60개월 무이자][삼성금거래소] 프레스 골드바 3.75g,https://m.gsshop.com/prd/prd.gs?prdid=1134855516&mseq=420485-29&pgmId=45949,신규등록
2026-09-30,20260930,20:00,45949,[삼성 금거래소] 금 구매 적기! 최대 60개월 할부!,1134855527,[최대 60개월 무이자][삼성금거래소] 프레스 골드바 5g,https://m.gsshop.com/prd/prd.gs?prdid=1134855527&mseq=420485-33&pgmId=45949,신규등록
2026-09-30,20260930,20:00,45949,[삼성 금거래소] 금 구매 적기! 최대 60개월 할부!,1134855535,[최대 60개월 무이자][삼성금거래소] 프레스 골드바 6.5g,https://m.gsshop.com/prd/prd.gs?prdid=1134855535&mseq=420485-37&pgmId=45949,신규등록
2026-09-30,20260930,20:00,45949,[삼성 금거래소] 금 구매 적기! 최대 60개월 할부!,1134855542,[최대 60개월 무이자][삼성금거래소] 프레스 골드바 7.5g,https://m.gsshop.com/prd/prd.gs?prdid=1134855542&mseq=420485-41&pgmId=45949,신규등록
2026-09-30,20260930,20:00,45949,[삼성 금거래소] 금 구매 적기! 최대 60개월 할부!,1134855552,[최대 60개월 무이자][삼성금거래소] 프레스 골드바 10g,https://m.gsshop.com/prd/prd.gs?prdid=1134855552&mseq=420485-45&pgmId=45949,신규등록
2026-09-30,20260930,20:00,45949,[삼성 금거래소] 금 구매 적기! 최대 60개월 할부!,1134855561,[최대 60개월 무이자][삼성금거래소] 프레스 골드바 11.25g,https://m.gsshop.com/prd/prd.gs?prdid=1134855561&mseq=420485-49&pgmId=45949,신규등록
2026-09-30,20260930,20:00,45949,[삼성 금거래소] 금 구매 적기! 최대 60개월 할부!,1135172688,[최대 24개월 무이자][삼성금거래소] 광화문 실버바 200g,https://m.gsshop.com/prd/prd.gs?prdid=1135172688&mseq=420485-6&pgmId=45949,신규등록
2026-09-30,20260930,20:00,45949,[삼성 금거래소] 금 구매 적기! 최대 60개월 할부!,1135172693,[최대 24개월 무이자][삼성금거래소] 말 실버바 Silver Bar 100g,https://m.gsshop.com/prd/prd.gs?prdid=1135172693&mseq=420485-2&pgmId=45949,신규등록
2026-09-30,20260930,20:00,45949,[삼성 금거래소] 금 구매 적기! 최대 60개월 할부!,1135172702,[최대 36개월 무이자][삼성금거래소] 광화문 실버바 200g,https://m.gsshop.com/prd/prd.gs?prdid=1135172702&mseq=420485-7&pgmId=45949,신규등록
2026-09-30,20260930,20:00,45949,[삼성 금거래소] 금 구매 적기! 최대 60개월 할부!,1135172708,[최대 36개월 무이자][삼성금거래소] 말 실버바 Silver Bar 100g,https://m.gsshop.com/prd/prd.gs?prdid=1135172708&mseq=420485-3&pgmId=45949,신규등록
2026-09-30,20260930,20:00,45949,[삼성 금거래소] 금 구매 적기! 최대 60개월 할부!,1135172715,[최대 60개월 무이자][삼성금거래소] 광화문 실버바 200g,https://m.gsshop.com/prd/prd.gs?prdid=1135172715&mseq=420485-8&pgmId=45949,신규등록
2026-09-30,20260930,20:00,45949,[삼성 금거래소] 금 구매 적기! 최대 60개월 할부!,1135172721,[최대 60개월 무이자][삼성금거래소] 말 실버바 Silver Bar 100g,https://m.gsshop.com/prd/prd.gs?prdid=1135172721&mseq=420485-4&pgmId=45949,신규등록
2026-09-30,20260930,20:00,45949,[삼성 금거래소] 금 구매 적기! 최대 60개월 할부!,1137176222,프레스 골드 코인 0.3g,https://m.gsshop.com/prd/prd.gs?prdid=1137176222&mseq=420485-11&pgmId=45949,신규등록
2026-09-30,20260930,20:00,45949,[삼성 금거래소] 금 구매 적기! 최대 60개월 할부!,1137176224,프레스 골드 코인 0.2g,https://m.gsshop.com/prd/prd.gs?prdid=1137176224&mseq=420485-10&pgmId=45949,신규등록
2026-09-30,20260930,20:00,45949,[삼성 금거래소] 금 구매 적기! 최대 60개월 할부!,1137176226,프레스 골드 코인 0.1g,https://m.gsshop.com/prd/prd.gs?prdid=1137176226&mseq=420485-9&pgmId=45949,신규등록
2026-09-30,20260930,20:00,45950,[다시보기 태피없] 뷰 브랜드 멤버십 특가 방송!,1101743919,밀크 모이스처 클렌저 50ml 1개 체험특가,https://m.gsshop.com/prd/prd.gs?prdid=1101743919&mseq=420485-22&pgmId=45950,신규등록
2026-09-30,20260930,20:00,45950,[다시보기 태피없] 뷰 브랜드 멤버십 특가 방송!,1103477626,트러플 바이탈 세럼 50ml 체험특가,https://m.gsshop.com/prd/prd.gs?prdid=1103477626&mseq=420485-24&pgmId=45950,신규등록
2026-09-30,20260930,20:00,45950,[다시보기 태피없] 뷰 브랜드 멤버십 특가 방송!,1106981740,베스트 듀오 2종 선물세트(세럼+클렌저) 체험특가,https://m.gsshop.com/prd/prd.gs?prdid=1106981740&mseq=420485-11&pgmId=45950,신규등록
2026-09-30,20260930,20:00,45950,[다시보기 태피없] 뷰 브랜드 멤버십 특가 방송!,1117406879,밀크 모이스처 클렌저 150ml 1개 구성 체험특가,https://m.gsshop.com/prd/prd.gs?prdid=1117406879&mseq=420485-18&pgmId=45950,신규등록
2026-09-30,20260930,20:00,45950,[다시보기 태피없] 뷰 브랜드 멤버십 특가 방송!,1117412919,트러플 바이탈 세럼 150ml 체험특가,https://m.gsshop.com/prd/prd.gs?prdid=1117412919&mseq=420485-14&pgmId=45950,신규등록
2026-09-30,20260930,20:00,45950,[다시보기 태피없] 뷰 브랜드 멤버십 특가 방송!,1117415459,자작나무 워터풀 선크림 50ml 체험특가,https://m.gsshop.com/prd/prd.gs?prdid=1117415459&mseq=420485-20&pgmId=45950,신규등록
2026-09-30,20260930,20:00,45950,[다시보기 태피없] 뷰 브랜드 멤버십 특가 방송!,1117415922,진주알 글로우 톤업 선크림 50ml 1개 체험특가,https://m.gsshop.com/prd/prd.gs?prdid=1117415922&mseq=420485-19&pgmId=45950,신규등록
2026-09-30,20260930,20:00,45950,[다시보기 태피없] 뷰 브랜드 멤버십 특가 방송!,1117417065,레몬 포어리스 에센스 150ml 체험특가,https://m.gsshop.com/prd/prd.gs?prdid=1117417065&mseq=420485-17&pgmId=45950,신규등록
2026-09-30,20260930,20:00,45950,[다시보기 태피없] 뷰 브랜드 멤버십 특가 방송!,1117417543,레몬 포어리스 에센스 50ml 체험특가,https://m.gsshop.com/prd/prd.gs?prdid=1117417543&mseq=420485-23&pgmId=45950,신규등록
2026-09-30,20260930,20:00,45950,[다시보기 태피없] 뷰 브랜드 멤버십 특가 방송!,1117425070,히알스파 모이스처 크림 50ml 1개 체험특가,https://m.gsshop.com/prd/prd.gs?prdid=1117425070&mseq=420485-13&pgmId=45950,신규등록
2026-09-30,20260930,20:00,45950,[다시보기 태피없] 뷰 브랜드 멤버십 특가 방송!,1117425749,유자 멜라토닝 세럼 30ml 1개 체험특가,https://m.gsshop.com/prd/prd.gs?prdid=1117425749&mseq=420485-16&pgmId=45950,신규등록
2026-09-30,20260930,20:00,45950,[다시보기 태피없] 뷰 브랜드 멤버십 특가 방송!,1117923566,"스타트 패키지 클렌징,세럼,에센스 중용량(50ml) 3종 체험특가",https://m.gsshop.com/prd/prd.gs?prdid=1117923566&mseq=420485-10&pgmId=45950,신규등록
2026-09-30,20260930,20:00,45950,[다시보기 태피없] 뷰 브랜드 멤버십 특가 방송!,1118407031,유자 멜라토닝 세럼 30ml 2개 체험특가,https://m.gsshop.com/prd/prd.gs?prdid=1118407031&mseq=420485-4&pgmId=45950,신규등록
2026-09-30,20260930,20:00,45950,[다시보기 태피없] 뷰 브랜드 멤버십 특가 방송!,1118408201,히알스파 모이스처 크림 50ml 2개 체험특가,https://m.gsshop.com/prd/prd.gs?prdid=1118408201&mseq=420485-1&pgmId=45950,신규등록
2026-09-30,20260930,20:00,45950,[다시보기 태피없] 뷰 브랜드 멤버십 특가 방송!,1120629153,밀크 모이스처 클렌저 150ml 2개 구성 체험특가,https://m.gsshop.com/prd/prd.gs?prdid=1120629153&mseq=420485-6&pgmId=45950,신규등록
2026-09-30,20260930,20:00,45950,[다시보기 태피없] 뷰 브랜드 멤버십 특가 방송!,1120723268,진주알 글로우 톤업 선크림 50ml 2개 체험특가,https://m.gsshop.com/prd/prd.gs?prdid=1120723268&mseq=420485-7&pgmId=45950,신규등록
2026-09-30,20260930,20:00,45950,[다시보기 태피없] 뷰 브랜드 멤버십 특가 방송!,1123279343,순면 저자극 엠보싱 화장솜 400매 체험특가,https://m.gsshop.com/prd/prd.gs?prdid=1123279343&mseq=420485-21&pgmId=45950,신규등록
2026-09-30,20260930,20:00,45950,[다시보기 태피없] 뷰 브랜드 멤버십 특가 방송!,1128644587,자작나무 워터풀 선크림 50ml 2개 체험특가,https://m.gsshop.com/prd/prd.gs?prdid=1128644587&mseq=420485-8&pgmId=45950,신규등록
2026-09-30,20260930,20:00,45950,[다시보기 태피없] 뷰 브랜드 멤버십 특가 방송!,1130052630,베스트 트리오 3종 선물세트(세럼+클렌저+선크림+쇼핑백) 체험특가,https://m.gsshop.com/prd/prd.gs?prdid=1130052630&mseq=420485-12&pgmId=45950,신규등록
2026-09-30,20260930,20:00,45950,[다시보기 태피없] 뷰 브랜드 멤버십 특가 방송!,1130202240,순면 저자극 엠보싱 화장솜 400매 2개(총 800매) 체험특가,https://m.gsshop.com/prd/prd.gs?prdid=1130202240&mseq=420485-9&pgmId=45950,신규등록
2026-09-30,20260930,20:00,45950,[다시보기 태피없] 뷰 브랜드 멤버십 특가 방송!,1131135945,녹는실 리프팅 앰플(20ml*3병) 1박스,https://m.gsshop.com/prd/prd.gs?prdid=1131135945&mseq=420485-15&pgmId=45950,신규등록
2026-09-30,20260930,20:00,45950,[다시보기 태피없] 뷰 브랜드 멤버십 특가 방송!,1133259116,녹는실 리프팅 앰플(20ml*3병) 3박스,https://m.gsshop.com/prd/prd.gs?prdid=1133259116&mseq=420485-3&pgmId=45950,신규등록
2026-09-30,20260930,20:00,45950,[다시보기 태피없] 뷰 브랜드 멤버십 특가 방송!,1134252920,레몬 포어리스 에센스 150ml 2개 체험특가,https://m.gsshop.com/prd/prd.gs?prdid=1134252920&mseq=420485-5&pgmId=45950,신규등록
2026-09-30,20260930,20:00,45950,[다시보기 태피없] 뷰 브랜드 멤버십 특가 방송!,1136158132,트러플 바이탈 세럼 150ml 2개 체험특가,https://m.gsshop.com/prd/prd.gs?prdid=1136158132&mseq=420485-2&pgmId=45950,신규등록
2026-09-30,20260930,21:00,45951,"[뷰 트러플 세럼] 멤버십 특가! 2통 11,900원!",1101743919,밀크 모이스처 클렌저 50ml 1개 체험특가,https://m.gsshop.com/prd/prd.gs?prdid=1101743919&mseq=420485-22&pgmId=45951,신규등록
2026-09-30,20260930,21:00,45951,"[뷰 트러플 세럼] 멤버십 특가! 2통 11,900원!",1103477626,트러플 바이탈 세럼 50ml 체험특가,https://m.gsshop.com/prd/prd.gs?prdid=1103477626&mseq=420485-24&pgmId=45951,신규등록
2026-09-30,20260930,21:00,45951,"[뷰 트러플 세럼] 멤버십 특가! 2통 11,900원!",1106981740,베스트 듀오 2종 선물세트(세럼+클렌저) 체험특가,https://m.gsshop.com/prd/prd.gs?prdid=1106981740&mseq=420485-11&pgmId=45951,신규등록
2026-09-30,20260930,21:00,45951,"[뷰 트러플 세럼] 멤버십 특가! 2통 11,900원!",1117406879,밀크 모이스처 클렌저 150ml 1개 구성 체험특가,https://m.gsshop.com/prd/prd.gs?prdid=1117406879&mseq=420485-18&pgmId=45951,신규등록
2026-09-30,20260930,21:00,45951,"[뷰 트러플 세럼] 멤버십 특가! 2통 11,900원!",1117412919,트러플 바이탈 세럼 150ml 체험특가,https://m.gsshop.com/prd/prd.gs?prdid=1117412919&mseq=420485-13&pgmId=45951,신규등록
2026-09-30,20260930,21:00,45951,"[뷰 트러플 세럼] 멤버십 특가! 2통 11,900원!",1117415459,자작나무 워터풀 선크림 50ml 체험특가,https://m.gsshop.com/prd/prd.gs?prdid=1117415459&mseq=420485-20&pgmId=45951,신규등록
2026-09-30,20260930,21:00,45951,"[뷰 트러플 세럼] 멤버십 특가! 2통 11,900원!",1117415922,진주알 글로우 톤업 선크림 50ml 1개 체험특가,https://m.gsshop.com/prd/prd.gs?prdid=1117415922&mseq=420485-19&pgmId=45951,신규등록
2026-09-30,20260930,21:00,45951,"[뷰 트러플 세럼] 멤버십 특가! 2통 11,900원!",1117417065,레몬 포어리스 에센스 150ml 체험특가,https://m.gsshop.com/prd/prd.gs?prdid=1117417065&mseq=420485-17&pgmId=45951,신규등록
2026-09-30,20260930,21:00,45951,"[뷰 트러플 세럼] 멤버십 특가! 2통 11,900원!",1117417543,레몬 포어리스 에센스 50ml 체험특가,https://m.gsshop.com/prd/prd.gs?prdid=1117417543&mseq=420485-23&pgmId=45951,신규등록
2026-09-30,20260930,21:00,45951,"[뷰 트러플 세럼] 멤버십 특가! 2통 11,900원!",1117425070,히알스파 모이스처 크림 50ml 1개 체험특가,https://m.gsshop.com/prd/prd.gs?prdid=1117425070&mseq=420485-14&pgmId=45951,신규등록
2026-09-30,20260930,21:00,45951,"[뷰 트러플 세럼] 멤버십 특가! 2통 11,900원!",1117425749,유자 멜라토닝 세럼 30ml 1개 체험특가,https://m.gsshop.com/prd/prd.gs?prdid=1117425749&mseq=420485-16&pgmId=45951,신규등록
2026-09-30,20260930,21:00,45951,"[뷰 트러플 세럼] 멤버십 특가! 2통 11,900원!",1117923566,"스타트 패키지 클렌징,세럼,에센스 중용량(50ml) 3종 체험특가",https://m.gsshop.com/prd/prd.gs?prdid=1117923566&mseq=420485-10&pgmId=45951,신규등록
2026-09-30,20260930,21:00,45951,"[뷰 트러플 세럼] 멤버십 특가! 2통 11,900원!",1118407031,유자 멜라토닝 세럼 30ml 2개 체험특가,https://m.gsshop.com/prd/prd.gs?prdid=1118407031&mseq=420485-4&pgmId=45951,신규등록
2026-09-30,20260930,21:00,45951,"[뷰 트러플 세럼] 멤버십 특가! 2통 11,900원!",1118408201,히알스파 모이스처 크림 50ml 2개 체험특가,https://m.gsshop.com/prd/prd.gs?prdid=1118408201&mseq=420485-2&pgmId=45951,신규등록
2026-09-30,20260930,21:00,45951,"[뷰 트러플 세럼] 멤버십 특가! 2통 11,900원!",1120629153,밀크 모이스처 클렌저 150ml 2개 구성 체험특가,https://m.gsshop.com/prd/prd.gs?prdid=1120629153&mseq=420485-6&pgmId=45951,신규등록
2026-09-30,20260930,21:00,45951,"[뷰 트러플 세럼] 멤버십 특가! 2통 11,900원!",1120723268,진주알 글로우 톤업 선크림 50ml 2개 체험특가,https://m.gsshop.com/prd/prd.gs?prdid=1120723268&mseq=420485-7&pgmId=45951,신규등록
2026-09-30,20260930,21:00,45951,"[뷰 트러플 세럼] 멤버십 특가! 2통 11,900원!",1123279343,순면 저자극 엠보싱 화장솜 400매 체험특가,https://m.gsshop.com/prd/prd.gs?prdid=1123279343&mseq=420485-21&pgmId=45951,신규등록
2026-09-30,20260930,21:00,45951,"[뷰 트러플 세럼] 멤버십 특가! 2통 11,900원!",1128644587,자작나무 워터풀 선크림 50ml 2개 체험특가,https://m.gsshop.com/prd/prd.gs?prdid=1128644587&mseq=420485-8&pgmId=45951,신규등록
2026-09-30,20260930,21:00,45951,"[뷰 트러플 세럼] 멤버십 특가! 2통 11,900원!",1130052630,베스트 트리오 3종 선물세트(세럼+클렌저+선크림+쇼핑백) 체험특가,https://m.gsshop.com/prd/prd.gs?prdid=1130052630&mseq=420485-12&pgmId=45951,신규등록
2026-09-30,20260930,21:00,45951,"[뷰 트러플 세럼] 멤버십 특가! 2통 11,900원!",1130202240,순면 저자극 엠보싱 화장솜 400매 2개(총 800매) 체험특가,https://m.gsshop.com/prd/prd.gs?prdid=1130202240&mseq=420485-9&pgmId=45951,신규등록
2026-09-30,20260930,21:00,45951,"[뷰 트러플 세럼] 멤버십 특가! 2통 11,900원!",1131135945,녹는실 리프팅 앰플(20ml*3병) 1박스,https://m.gsshop.com/prd/prd.gs?prdid=1131135945&mseq=420485-15&pgmId=45951,신규등록
2026-09-30,20260930,21:00,45951,"[뷰 트러플 세럼] 멤버십 특가! 2통 11,900원!",1133259116,녹는실 리프팅 앰플(20ml*3병) 3박스,https://m.gsshop.com/prd/prd.gs?prdid=1133259116&mseq=420485-3&pgmId=45951,신규등록
2026-09-30,20260930,21:00,45951,"[뷰 트러플 세럼] 멤버십 특가! 2통 11,900원!",1134252920,레몬 포어리스 에센스 150ml 2개 체험특가,https://m.gsshop.com/prd/prd.gs?prdid=1134252920&mseq=420485-5&pgmId=45951,신규등록
2026-09-30,20260930,21:00,45951,"[뷰 트러플 세럼] 멤버십 특가! 2통 11,900원!",1136158132,트러플 바이탈 세럼 150ml 2개 체험특가,https://m.gsshop.com/prd/prd.gs?prdid=1136158132&mseq=420485-1&pgmId=45951,신규등록
2026-09-30,20260930,22:00,45952,[패션아울렛] 코어 25fw~26ss까지! 역대최저가,1088232091,"캐시울 핸드메이드 판초 숏코트 [런칭 가격 129,900원]",https://m.gsshop.com/prd/prd.gs?prdid=1088232091&mseq=420485-1&pgmId=45952,신규등록
2026-09-30,20260930,22:00,45952,[패션아울렛] 코어 25fw~26ss까지! 역대최저가,1088378506,"볼륨 치노 팬츠 [런칭 가격 59,900원]",https://m.gsshop.com/prd/prd.gs?prdid=1088378506&mseq=420485-2&pgmId=45952,신규등록
2026-09-30,20260930,22:00,45952,[패션아울렛] 코어 25fw~26ss까지! 역대최저가,1088842876,"캐시울 데미지 니트 [런칭 가격 99,900원]",https://m.gsshop.com/prd/prd.gs?prdid=1088842876&mseq=420485-3&pgmId=45952,신규등록
2026-09-30,20260930,22:00,45952,[패션아울렛] 코어 25fw~26ss까지! 역대최저가,1088843532,"벨티드 더블페이스 핸메 코트 [런칭 가격 179,900원]",https://m.gsshop.com/prd/prd.gs?prdid=1088843532&mseq=420485-4&pgmId=45952,신규등록
2026-09-30,20260930,22:00,45952,[패션아울렛] 코어 25fw~26ss까지! 역대최저가,1102582175,실크 모크넥 니트 3종,https://m.gsshop.com/prd/prd.gs?prdid=1102582175&mseq=420485-5&pgmId=45952,신규등록
2026-09-30,20260930,22:00,45952,[패션아울렛] 코어 25fw~26ss까지! 역대최저가,1103201801,"틴업 벌룬핏 데님 [런칭 가격 69,900원]",https://m.gsshop.com/prd/prd.gs?prdid=1103201801&mseq=420485-6&pgmId=45952,신규등록
2026-10-01,20261001,7:00,46046,[우아 소고기칩] 첫 런칭! 모바일 특가!,1135999905,우아소고기칩 30g x 5봉,https://m.gsshop.com/prd/prd.gs?prdid=1135999905&mseq=420485-1&pgmId=46046,신규등록
2026-10-01,20261001,7:00,46046,[우아 소고기칩] 첫 런칭! 모바일 특가!,1136006382,우아소고기칩 30g x 8봉,https://m.gsshop.com/prd/prd.gs?prdid=1136006382&mseq=420485-2&pgmId=46046,신규등록
2026-10-01,20261001,7:00,46046,[우아 소고기칩] 첫 런칭! 모바일 특가!,1136008567,우아소고기칩 100g x 2봉,https://m.gsshop.com/prd/prd.gs?prdid=1136008567&mseq=420485-3&pgmId=46046,신규등록
2026-10-01,20261001,7:00,46046,[우아 소고기칩] 첫 런칭! 모바일 특가!,1136008834,우아소고기칩 100gx2봉+30gX3봉,https://m.gsshop.com/prd/prd.gs?prdid=1136008834&mseq=420485-4&pgmId=46046,신규등록
2026-10-01,20261001,8:00,46047,[웰라쥬] 시즌4 앰플 하나더 구성 전격 오픈!,1078484905,캡슐 앰플 시즌4 1SET (캡슐1박스+앰플1개),https://m.gsshop.com/prd/prd.gs?prdid=1078484905&mseq=420485-2&pgmId=46047,신규등록
2026-10-01,20261001,8:00,46047,[웰라쥬] 시즌4 앰플 하나더 구성 전격 오픈!,1097069943,NEW 웰라쥬 히알루론산 동결건조 캡슐 앰플 시즌4 최신상,https://m.gsshop.com/prd/prd.gs?prdid=1097069943&mseq=420485-1&pgmId=46047,신규등록
2026-10-01,20261001,9:00,46048,"[지프] 최신상 태크웨어, 방송중 최대 20% 찬스",1104379671,트레일블레이저 남녀공용 윈드브레이커 테크 자켓,https://m.gsshop.com/prd/prd.gs?prdid=1104379671&mseq=420485-2&pgmId=46048,신규등록
2026-10-01,20261001,9:00,46048,"[지프] 최신상 태크웨어, 방송중 최대 20% 찬스",1104434369,TRAILBLAZER 슈퍼스트레치 팬츠 2종 세트 남녀공용,https://m.gsshop.com/prd/prd.gs?prdid=1104434369&mseq=420485-4&pgmId=46048,신규등록
2026-10-01,20261001,9:00,46048,"[지프] 최신상 태크웨어, 방송중 최대 20% 찬스",1104435326,트레일블레이저 컬러배색 볼캡 모자 남녀공용,https://m.gsshop.com/prd/prd.gs?prdid=1104435326&mseq=420485-5&pgmId=46048,신규등록
2026-10-01,20261001,9:00,46048,"[지프] 최신상 태크웨어, 방송중 최대 20% 찬스",1108733652,TRAILBLAZER 남녀공용 울트라라이트 방풍 재킷,https://m.gsshop.com/prd/prd.gs?prdid=1108733652&mseq=420485-3&pgmId=46048,신규등록
2026-10-01,20261001,9:00,46048,"[지프] 최신상 태크웨어, 방송중 최대 20% 찬스",1133548212,JEEP 26FW 남녀공용 브리더블 테크 웜 재킷 2종,https://m.gsshop.com/prd/prd.gs?prdid=1133548212&mseq=420485-1&pgmId=46048,신규등록
2026-10-01,20261001,9:00,46049,[에버콜라겐] 오직 방송에서만 GS 단독 증정품 조건!,1004360032,[GS단독] 에버콜라겐 인앤업플러스 16주분 (4주*4병) GPH 콜라겐,https://m.gsshop.com/prd/prd.gs?prdid=1004360032&mseq=420485-5&pgmId=46049,신규등록
2026-10-01,20261001,9:00,46049,[에버콜라겐] 오직 방송에서만 GS 단독 증정품 조건!,1051506841,[GS단독] 에버콜라겐 인앤업플러스 40주분 (4주*10병) GPH 콜라겐,https://m.gsshop.com/prd/prd.gs?prdid=1051506841&mseq=420485-1&pgmId=46049,신규등록
2026-10-01,20261001,9:00,46049,[에버콜라겐] 오직 방송에서만 GS 단독 증정품 조건!,1097839523,닥터언 리포좀 글루타치온 맥스 필름 6박스 (180매),https://m.gsshop.com/prd/prd.gs?prdid=1097839523&mseq=420485-8&pgmId=46049,신규등록
2026-10-01,20261001,9:00,46049,[에버콜라겐] 오직 방송에서만 GS 단독 증정품 조건!,1099243986,"[12박스] 닥터언 비타민D 2,000IU 12박스(총 360캡슐) 흡수플러스 활성형 비타민D3",https://m.gsshop.com/prd/prd.gs?prdid=1099243986&mseq=420485-17&pgmId=46049,신규등록
2026-10-01,20261001,9:00,46049,[에버콜라겐] 오직 방송에서만 GS 단독 증정품 조건!,1099266964,마그네슘 6개월분 비타민B군 배합 활력+에너지 보충,https://m.gsshop.com/prd/prd.gs?prdid=1099266964&mseq=420485-12&pgmId=46049,신규등록
2026-10-01,20261001,9:00,46049,[에버콜라겐] 오직 방송에서만 GS 단독 증정품 조건!,1099266968,[12박스] 닥터언 마그네슘 30정x12박스 (총 360정) 비타민B군 배합 활력+에너지 보충,https://m.gsshop.com/prd/prd.gs?prdid=1099266968&mseq=420485-13&pgmId=46049,신규등록
2026-10-01,20261001,9:00,46049,[에버콜라겐] 오직 방송에서만 GS 단독 증정품 조건!,1099266978,[4박스] 닥터언 루테인지아잔틴 아스타잔틴 (총 120캡슐) 눈건강 미니사이즈 캡슐크기,https://m.gsshop.com/prd/prd.gs?prdid=1099266978&mseq=420485-15&pgmId=46049,신규등록
2026-10-01,20261001,9:00,46049,[에버콜라겐] 오직 방송에서만 GS 단독 증정품 조건!,1101479841,루테인지아잔틴 아스타잔틴 (총 60캡슐) 눈건강 미니사이즈 캡슐크기,https://m.gsshop.com/prd/prd.gs?prdid=1101479841&mseq=420485-14&pgmId=46049,신규등록
2026-10-01,20261001,9:00,46049,[에버콜라겐] 오직 방송에서만 GS 단독 증정품 조건!,1101480584,[6박스] 닥터언 루테인지아잔틴 아스타잔틴 (총 180캡슐) 눈건강 미니사이즈 캡슐크기,https://m.gsshop.com/prd/prd.gs?prdid=1101480584&mseq=420485-16&pgmId=46049,신규등록
2026-10-01,20261001,9:00,46049,[에버콜라겐] 오직 방송에서만 GS 단독 증정품 조건!,1105864121,닥터언 리포좀 글루타치온 맥스 필름 2박스 (60매),https://m.gsshop.com/prd/prd.gs?prdid=1105864121&mseq=420485-6&pgmId=46049,신규등록
2026-10-01,20261001,9:00,46049,[에버콜라겐] 오직 방송에서만 GS 단독 증정품 조건!,1105864125,닥터언 리포좀 글루타치온 맥스 필름 4박스 (120매),https://m.gsshop.com/prd/prd.gs?prdid=1105864125&mseq=420485-7&pgmId=46049,신규등록
2026-10-01,20261001,9:00,46049,[에버콜라겐] 오직 방송에서만 GS 단독 증정품 조건!,1106045741,[12박스] 닥터언 밀크씨슬 30정x12박스(총 360정) 간건강 실리마린 기능성원료,https://m.gsshop.com/prd/prd.gs?prdid=1106045741&mseq=420485-21&pgmId=46049,신규등록
2026-10-01,20261001,9:00,46049,[에버콜라겐] 오직 방송에서만 GS 단독 증정품 조건!,1106045744,[6박스] 닥터언 밀크씨슬 30정x6박스(총 180정) 간건강 실리마린 기능성원료,https://m.gsshop.com/prd/prd.gs?prdid=1106045744&mseq=420485-20&pgmId=46049,신규등록
2026-10-01,20261001,9:00,46049,[에버콜라겐] 오직 방송에서만 GS 단독 증정품 조건!,1106390558,[6박스]닥터언 코엔자임Q10 항산화 혈압관리,https://m.gsshop.com/prd/prd.gs?prdid=1106390558&mseq=420485-18&pgmId=46049,신규등록
2026-10-01,20261001,9:00,46049,[에버콜라겐] 오직 방송에서만 GS 단독 증정품 조건!,1106390578,코엔자임Q10 12박스,https://m.gsshop.com/prd/prd.gs?prdid=1106390578&mseq=420485-19&pgmId=46049,신규등록
2026-10-01,20261001,9:00,46049,[에버콜라겐] 오직 방송에서만 GS 단독 증정품 조건!,1112328773,[닥터언] 비오틴 6개월,https://m.gsshop.com/prd/prd.gs?prdid=1112328773&mseq=420485-22&pgmId=46049,신규등록
2026-10-01,20261001,9:00,46049,[에버콜라겐] 오직 방송에서만 GS 단독 증정품 조건!,1112328787,[닥터언] 비오틴 12개월,https://m.gsshop.com/prd/prd.gs?prdid=1112328787&mseq=420485-23&pgmId=46049,신규등록
2026-10-01,20261001,9:00,46049,[에버콜라겐] 오직 방송에서만 GS 단독 증정품 조건!,1131524311,[닥터언프로] 포스파티딜세린 1개월(15일분*2박스),https://m.gsshop.com/prd/prd.gs?prdid=1131524311&mseq=420485-9&pgmId=46049,신규등록
2026-10-01,20261001,9:00,46049,[에버콜라겐] 오직 방송에서만 GS 단독 증정품 조건!,1131524338,[닥터언프로] 포스파티딜세린 2개월(15일분*4박스),https://m.gsshop.com/prd/prd.gs?prdid=1131524338&mseq=420485-10&pgmId=46049,신규등록
2026-10-01,20261001,9:00,46049,[에버콜라겐] 오직 방송에서만 GS 단독 증정품 조건!,1131524351,[닥터언프로] 포스파티딜세린 3개월(15일분*6박스),https://m.gsshop.com/prd/prd.gs?prdid=1131524351&mseq=420485-11&pgmId=46049,신규등록
2026-10-01,20261001,9:00,46049,[에버콜라겐] 오직 방송에서만 GS 단독 증정품 조건!,61490007,"에버콜라겐 타임비오틴 180일분(6통) 저분자콜라겐펩타이드+비오틴3,333% GPH 콜라겐",https://m.gsshop.com/prd/prd.gs?prdid=61490007&mseq=420485-3&pgmId=46049,신규등록
2026-10-01,20261001,9:00,46049,[에버콜라겐] 오직 방송에서만 GS 단독 증정품 조건!,66991604,"에버콜라겐 타임비오틴 90일분(3통) 콜라겐+비오틴 3,333% GPH 콜라겐",https://m.gsshop.com/prd/prd.gs?prdid=66991604&mseq=420485-4&pgmId=46049,신규등록
2026-10-01,20261001,9:00,46049,[에버콜라겐] 오직 방송에서만 GS 단독 증정품 조건!,96419060,[GS단독] 에버콜라겐 인앤업플러스 28주분 (4주*7병) GPH 콜라겐,https://m.gsshop.com/prd/prd.gs?prdid=96419060&mseq=420485-2&pgmId=46049,신규등록
2026-10-01,20261001,10:00,46050,[찐친뷰티] 펠리체골드 방송에서만 이가격&사은품,1037383243,[9월골든특가] 18K 레디언트 팔찌,https://m.gsshop.com/prd/prd.gs?prdid=1037383243&mseq=420485-10&pgmId=46050,편성제외
2026-10-01,20261001,10:00,46050,[찐친뷰티] 펠리체골드 방송에서만 이가격&사은품,1068099532,[20번]펠리체골드 [9월골든특가/이태리] 18K 라세타 목걸이,https://m.gsshop.com/prd/prd.gs?prdid=1068099532&mseq=420485-20&pgmId=46050,신규등록
2026-10-01,20261001,10:00,46050,[찐친뷰티] 펠리체골드 방송에서만 이가격&사은품,1068099549,[19번]펠리체골드 [9월골든특가/이태리] 18K 라세타 팔찌,https://m.gsshop.com/prd/prd.gs?prdid=1068099549&mseq=420485-19&pgmId=46050,신규등록
2026-10-01,20261001,10:00,46050,[찐친뷰티] 펠리체골드 방송에서만 이가격&사은품,1088713229,[샤피10번][방송에서만_특가+무이자 12개월_사은품_금+금+금+금]펠리체골드 18K 레디언트 컷팅 팔찌,https://m.gsshop.com/prd/prd.gs?prdid=1088713229&mseq=420485-10&pgmId=46050,신규등록
2026-10-01,20261001,10:00,46050,[찐친뷰티] 펠리체골드 방송에서만 이가격&사은품,1088713231,[샤피11번][방송에서만_특가+무이자 12개월_사은품_금+금+금+금]펠리체골드 18K 레디언트 컷팅 목걸이,https://m.gsshop.com/prd/prd.gs?prdid=1088713231&mseq=420485-11&pgmId=46050,신규등록
2026-10-01,20261001,10:00,46050,[찐친뷰티] 펠리체골드 방송에서만 이가격&사은품,1100941315,[17번]펠리체골드 [9월골든특가] 18K 모이사나이트 이터니티 반지,https://m.gsshop.com/prd/prd.gs?prdid=1100941315&mseq=420485-17&pgmId=46050,신규등록
2026-10-01,20261001,10:00,46050,[찐친뷰티] 펠리체골드 방송에서만 이가격&사은품,1100941669,[샤피6번][방송에서만_특가+골드바증정]펠리체골드 18K 모이사나이트 하프 반지,https://m.gsshop.com/prd/prd.gs?prdid=1100941669&mseq=420485-6&pgmId=46050,신규등록
2026-10-01,20261001,10:00,46050,[찐친뷰티] 펠리체골드 방송에서만 이가격&사은품,1113258421,[18번]펠리체골드 [9월골든특가] 14K 버블링 3mm 대 반지,https://m.gsshop.com/prd/prd.gs?prdid=1113258421&mseq=420485-18&pgmId=46050,신규등록
2026-10-01,20261001,10:00,46050,[찐친뷰티] 펠리체골드 방송에서만 이가격&사은품,1123671528,[13번]펠리체골드 [9월골든특가] 18K 천연가넷 금볼 팔찌,https://m.gsshop.com/prd/prd.gs?prdid=1123671528&mseq=420485-13&pgmId=46050,신규등록
2026-10-01,20261001,10:00,46050,[찐친뷰티] 펠리체골드 방송에서만 이가격&사은품,1123671539,[14번]펠리체골드 [9월골든특가] 18K 천연가넷 금볼 목걸이,https://m.gsshop.com/prd/prd.gs?prdid=1123671539&mseq=420485-14&pgmId=46050,신규등록
2026-10-01,20261001,10:00,46050,[찐친뷰티] 펠리체골드 방송에서만 이가격&사은품,1129394947,[샤피7번][방송에서만_특가+무이자 12개월+골드바증정]펠리체골드 18K 퀼팅 반지,https://m.gsshop.com/prd/prd.gs?prdid=1129394947&mseq=420485-7&pgmId=46050,신규등록
2026-10-01,20261001,10:00,46050,[찐친뷰티] 펠리체골드 방송에서만 이가격&사은품,1129394955,[16번]펠리체골드 [9월골든특가] 18K 퀼팅 귀걸이,https://m.gsshop.com/prd/prd.gs?prdid=1129394955&mseq=420485-16&pgmId=46050,신규등록
2026-10-01,20261001,10:00,46050,[찐친뷰티] 펠리체골드 방송에서만 이가격&사은품,1129395030,[샤피1번][방송에서만_특가+실버바증정]펠리체골드 실버 925 글리터 클립체인 세트,https://m.gsshop.com/prd/prd.gs?prdid=1129395030&mseq=420485-1&pgmId=46050,신규등록
2026-10-01,20261001,10:00,46050,[찐친뷰티] 펠리체골드 방송에서만 이가격&사은품,1131119516,[샤피2번][방송에서만_특가+실버바증정]펠리체골드 실버 925 스네이크 4mm 세트,https://m.gsshop.com/prd/prd.gs?prdid=1131119516&mseq=420485-2&pgmId=46050,신규등록
2026-10-01,20261001,10:00,46050,[찐친뷰티] 펠리체골드 방송에서만 이가격&사은품,1131154199,[샤피4번][방송에서만_특가+실버바증정]펠리체골드 실버 925 모이사나이트 스위트 팔찌,https://m.gsshop.com/prd/prd.gs?prdid=1131154199&mseq=420485-4&pgmId=46050,신규등록
2026-10-01,20261001,10:00,46050,[찐친뷰티] 펠리체골드 방송에서만 이가격&사은품,1132344635,[샤피12번][방송에서만_특가+무이자12개월+사은품+금+금+금+금 ]펠리체골드 24K 순금 루미에르 팔찌,https://m.gsshop.com/prd/prd.gs?prdid=1132344635&mseq=420485-12&pgmId=46050,신규등록
2026-10-01,20261001,10:00,46050,[찐친뷰티] 펠리체골드 방송에서만 이가격&사은품,1134483296,[샤피5번][방송에서만_특가+실버바증정]펠리체골드 실버 925 모이사나이트 블라썸 팔찌,https://m.gsshop.com/prd/prd.gs?prdid=1134483296&mseq=420485-5&pgmId=46050,신규등록
2026-10-01,20261001,10:00,46050,[찐친뷰티] 펠리체골드 방송에서만 이가격&사은품,1136450199,[샤피3번][방송에서만_특가+실버바증정]펠리체골드 실버 925 모이사나이트 무빙클로버 목걸이,https://m.gsshop.com/prd/prd.gs?prdid=1136450199&mseq=420485-3&pgmId=46050,신규등록
2026-10-01,20261001,10:00,46050,[찐친뷰티] 펠리체골드 방송에서만 이가격&사은품,1136468255,[15번]펠리체골드 실버 925 모이사나이트 럭셔리 귀걸이,https://m.gsshop.com/prd/prd.gs?prdid=1136468255&mseq=420485-15&pgmId=46050,신규등록
2026-10-01,20261001,10:00,46050,[찐친뷰티] 펠리체골드 방송에서만 이가격&사은품,1136827874,[샤피9번][방송에서만_특가+무이자 12개월_사은품_금+금+금+금]펠리체골드 18K 글래디스 목걸이,https://m.gsshop.com/prd/prd.gs?prdid=1136827874&mseq=420485-9&pgmId=46050,신규등록
2026-10-01,20261001,10:00,46050,[찐친뷰티] 펠리체골드 방송에서만 이가격&사은품,1136827880,[샤피8번][방송에서만_특가+골드바증정]펠리체골드 18K 글래디스 팔찌,https://m.gsshop.com/prd/prd.gs?prdid=1136827880&mseq=420485-8&pgmId=46050,신규등록
2026-10-01,20261001,10:00,46051,[유로모피] 마지막 생방송! 수량있을때 선점하세요,1076669188,"[택가 799,000원] 휘메일 풀스킨 밍크 사가폭스 헤리 케이프",https://m.gsshop.com/prd/prd.gs?prdid=1076669188&mseq=420485-2&pgmId=46051,신규등록
2026-10-01,20261001,10:00,46051,[유로모피] 마지막 생방송! 수량있을때 선점하세요,1077284483,[RV REATHER]이태리 베지터블 양가죽 발마칸 코트,https://m.gsshop.com/prd/prd.gs?prdid=1077284483&mseq=420485-6&pgmId=46051,신규등록
2026-10-01,20261001,10:00,46051,[유로모피] 마지막 생방송! 수량있을때 선점하세요,1089121878,"[유로모피] [택가 898,000원] 로안 휘메일 풀스킨 바토넥 밍크 자켓",https://m.gsshop.com/prd/prd.gs?prdid=1089121878&mseq=420485-4&pgmId=46051,신규등록
2026-10-01,20261001,10:00,46051,[유로모피] 마지막 생방송! 수량있을때 선점하세요,1093848592,"[택가 399,000원]호주산 시어링 무스탕 자켓",https://m.gsshop.com/prd/prd.gs?prdid=1093848592&mseq=420485-1&pgmId=46051,신규등록
2026-10-01,20261001,10:00,46051,[유로모피] 마지막 생방송! 수량있을때 선점하세요,1097082624,"[택가 899,000원]휘메일 풀스킨 엘로 카라 자켓",https://m.gsshop.com/prd/prd.gs?prdid=1097082624&mseq=420485-3&pgmId=46051,신규등록
2026-10-01,20261001,10:00,46051,[유로모피] 마지막 생방송! 수량있을때 선점하세요,1102701820,"[택가 1,990,000원]사가 휘메일 풀스킨 밍크 더블후드 코트",https://m.gsshop.com/prd/prd.gs?prdid=1102701820&mseq=420485-5&pgmId=46051,신규등록
2026-10-01,20261001,10:00,46051,[유로모피] 마지막 생방송! 수량있을때 선점하세요,1131898065,"[유로모피] [택가 169,000원] 로안 호주산 울 100% 시어링 하프 코트",https://m.gsshop.com/prd/prd.gs?prdid=1131898065&mseq=420485-7&pgmId=46051,신규등록
2026-10-01,20261001,10:00,46051,[유로모피] 마지막 생방송! 수량있을때 선점하세요,1135174988,"[유로모피] [택가 299,000원]로안 밍크 카라 럭스 구스다운 하프 코트",https://m.gsshop.com/prd/prd.gs?prdid=1135174988&mseq=420485-8&pgmId=46051,신규등록
2026-10-01,20261001,10:00,46051,[유로모피] 마지막 생방송! 수량있을때 선점하세요,1135175009,"[유로모피] [택가 169,000원]로안 페이크 레더 미들 렝스 워크 재킷",https://m.gsshop.com/prd/prd.gs?prdid=1135175009&mseq=420485-10&pgmId=46051,신규등록
2026-10-01,20261001,10:00,46051,[유로모피] 마지막 생방송! 수량있을때 선점하세요,1135705518,"[유로모피][택가 159,000원] 로안 신세틱 레더 블루종 후드 자켓",https://m.gsshop.com/prd/prd.gs?prdid=1135705518&mseq=420485-9&pgmId=46051,신규등록
2026-10-01,20261001,11:00,46053,[제이슨우] 추석 깜짝라이브! 인기상품 방송중15%할인,1117012637,"[1만원세일] 26FW Isabel 울 100% 프릴 가디건 (3 COLORS) [런칭 가격 79,900원]",https://m.gsshop.com/prd/prd.gs?prdid=1117012637&mseq=420485-20&pgmId=46053,신규등록
2026-10-01,20261001,11:00,46053,[제이슨우] 추석 깜짝라이브! 인기상품 방송중15%할인,1117013557,26FW Annette 캐시미어 홀가먼트 하이넥 니트 3종,https://m.gsshop.com/prd/prd.gs?prdid=1117013557&mseq=420485-12&pgmId=46053,신규등록
2026-10-01,20261001,11:00,46053,[제이슨우] 추석 깜짝라이브! 인기상품 방송중15%할인,1117453126,26FW Vera 어텀 링클프리 에센셜 재킷 (3 COLORS),https://m.gsshop.com/prd/prd.gs?prdid=1117453126&mseq=420485-17&pgmId=46053,신규등록
2026-10-01,20261001,11:00,46053,[제이슨우] 추석 깜짝라이브! 인기상품 방송중15%할인,1117454963,26FW Rina 어텀 루즈플레어 커브드 슬랙스 _ 기본기장 (4 COLORS),https://m.gsshop.com/prd/prd.gs?prdid=1117454963&mseq=420485-9&pgmId=46053,신규등록
2026-10-01,20261001,11:00,46053,[제이슨우] 추석 깜짝라이브! 인기상품 방송중15%할인,1117460296,26FW Rina 어텀 루즈플레어 커브드 슬랙스 _ 롱기장 +5cm (4 COLORS),https://m.gsshop.com/prd/prd.gs?prdid=1117460296&mseq=420485-10&pgmId=46053,신규등록
2026-10-01,20261001,11:00,46053,[제이슨우] 추석 깜짝라이브! 인기상품 방송중15%할인,1117716441,26FW NEW Delia 페디드 코튼 체크 셔츠 2종,https://m.gsshop.com/prd/prd.gs?prdid=1117716441&mseq=420485-1&pgmId=46053,신규등록
2026-10-01,20261001,11:00,46053,[제이슨우] 추석 깜짝라이브! 인기상품 방송중15%할인,1118687009,26FW Nadine 어텀 링클프리 라운드 턱 스커트 (2 COLORS),https://m.gsshop.com/prd/prd.gs?prdid=1118687009&mseq=420485-19&pgmId=46053,신규등록
2026-10-01,20261001,11:00,46053,[제이슨우] 추석 깜짝라이브! 인기상품 방송중15%할인,1118861635,26FW NEW Laurel 컬러 트림 가디건 3종,https://m.gsshop.com/prd/prd.gs?prdid=1118861635&mseq=420485-2&pgmId=46053,신규등록
2026-10-01,20261001,11:00,46053,[제이슨우] 추석 깜짝라이브! 인기상품 방송중15%할인,1118863809,26FW Sienna 모달 레이어드 시어 풀오버 3종,https://m.gsshop.com/prd/prd.gs?prdid=1118863809&mseq=420485-16&pgmId=46053,신규등록
2026-10-01,20261001,11:00,46053,[제이슨우] 추석 깜짝라이브! 인기상품 방송중15%할인,1118885398,26FW Rove 링클프리 라운드 와이드 턱팬츠 _ 기본기장 (3 COLORS),https://m.gsshop.com/prd/prd.gs?prdid=1118885398&mseq=420485-13&pgmId=46053,신규등록
2026-10-01,20261001,11:00,46053,[제이슨우] 추석 깜짝라이브! 인기상품 방송중15%할인,1118887185,26FW Rove 링클프리 라운드 와이드 턱팬츠 _ 롱기장 +5cm (3 COLORS),https://m.gsshop.com/prd/prd.gs?prdid=1118887185&mseq=420485-14&pgmId=46053,신규등록
2026-10-01,20261001,11:00,46053,[제이슨우] 추석 깜짝라이브! 인기상품 방송중15%할인,1121335267,26FW Fallon 코튼 유틸리티 재킷 (3 COLORS),https://m.gsshop.com/prd/prd.gs?prdid=1121335267&mseq=420485-8&pgmId=46053,신규등록
2026-10-01,20261001,11:00,46053,[제이슨우] 추석 깜짝라이브! 인기상품 방송중15%할인,1123539043,26FW Esme 틴업 컨투어링 와이드 데님 (2 COLORS),https://m.gsshop.com/prd/prd.gs?prdid=1123539043&mseq=420485-4&pgmId=46053,신규등록
2026-10-01,20261001,11:00,46053,[제이슨우] 추석 깜짝라이브! 인기상품 방송중15%할인,1123539338,26FW Esme 틴업 컨투어링 와이드 데님 _ 롱기장 +5cm (2 COLORS),https://m.gsshop.com/prd/prd.gs?prdid=1123539338&mseq=420485-5&pgmId=46053,신규등록
2026-10-01,20261001,11:00,46053,[제이슨우] 추석 깜짝라이브! 인기상품 방송중15%할인,1125608874,26FW Bianca 커프스 리브드 티블라우스 3종,https://m.gsshop.com/prd/prd.gs?prdid=1125608874&mseq=420485-3&pgmId=46053,신규등록
2026-10-01,20261001,11:00,46053,[제이슨우] 추석 깜짝라이브! 인기상품 방송중15%할인,1125641342,26FW Brooklyn 캐시미어 딥 V넥 폴로 니트 3종,https://m.gsshop.com/prd/prd.gs?prdid=1125641342&mseq=420485-6&pgmId=46053,신규등록
2026-10-01,20261001,11:00,46053,[제이슨우] 추석 깜짝라이브! 인기상품 방송중15%할인,1126039145,26FW Boudoir 새틴 레이스 슬립 캐미솔 2종 (아이보리 공통 + 블랙 or 브라운 택1),https://m.gsshop.com/prd/prd.gs?prdid=1126039145&mseq=420485-18&pgmId=46053,신규등록
2026-10-01,20261001,11:00,46053,[제이슨우] 추석 깜짝라이브! 인기상품 방송중15%할인,1126059701,26FW Parker 코튼 코듀로이 베스트 (2 COLORS),https://m.gsshop.com/prd/prd.gs?prdid=1126059701&mseq=420485-7&pgmId=46053,신규등록
2026-10-01,20261001,11:00,46053,[제이슨우] 추석 깜짝라이브! 인기상품 방송중15%할인,1126062564,26FW Madison FAUX 스웨이드 스커트 (2 COLORS),https://m.gsshop.com/prd/prd.gs?prdid=1126062564&mseq=420485-15&pgmId=46053,신규등록
2026-10-01,20261001,11:00,46053,[제이슨우] 추석 깜짝라이브! 인기상품 방송중15%할인,1131705424,26FW Hazel 플리스 부클 테디 재킷 (4 COLORS),https://m.gsshop.com/prd/prd.gs?prdid=1131705424&mseq=420485-11&pgmId=46053,신규등록
2026-10-01,20261001,11:00,46726,[코이앰플] 방송중 10% 할인+ 적립금만 20% 찬스,1054158742,볼륨베이스 우유토너 대용량100ml 3개,https://m.gsshop.com/prd/prd.gs?prdid=1054158742&mseq=420485-6&pgmId=46726,신규등록
2026-10-01,20261001,11:00,46726,[코이앰플] 방송중 10% 할인+ 적립금만 20% 찬스,1079783396,고현정 KoY 코이 단백질 마스크팩 3박스(15매입),https://m.gsshop.com/prd/prd.gs?prdid=1079783396&mseq=420485-7&pgmId=46726,신규등록
2026-10-01,20261001,11:00,46726,[코이앰플] 방송중 10% 할인+ 적립금만 20% 찬스,1091218243,고현정 Koy 코이 솔리드 볼륨 미스트 80ml 3개,https://m.gsshop.com/prd/prd.gs?prdid=1091218243&mseq=420485-8&pgmId=46726,신규등록
2026-10-01,20261001,11:00,46726,[코이앰플] 방송중 10% 할인+ 적립금만 20% 찬스,1136315010,NEW 고현정 단백질 리프팅 앰플 35ml 8병 구성,https://m.gsshop.com/prd/prd.gs?prdid=1136315010&mseq=420485-2&pgmId=46726,신규등록
2026-10-01,20261001,11:00,46726,[코이앰플] 방송중 10% 할인+ 적립금만 20% 찬스,1136373972,NEW 고현정 단백질 리프팅 앰플 35ml 1+ 1 특별구성,https://m.gsshop.com/prd/prd.gs?prdid=1136373972&mseq=420485-1&pgmId=46726,신규등록
2026-10-01,20261001,11:00,46726,[코이앰플] 방송중 10% 할인+ 적립금만 20% 찬스,1136374614,NEW 고현정 리프팅 앰플 35ml 2병+단백질 미스트 80ml,https://m.gsshop.com/prd/prd.gs?prdid=1136374614&mseq=420485-5&pgmId=46726,신규등록
2026-10-01,20261001,11:00,46726,[코이앰플] 방송중 10% 할인+ 적립금만 20% 찬스,1136374684,NEW 고현정 단백질 리프팅 앰플 35ml 2병+우유토너 100ml,https://m.gsshop.com/prd/prd.gs?prdid=1136374684&mseq=420485-3&pgmId=46726,신규등록
2026-10-01,20261001,11:00,46726,[코이앰플] 방송중 10% 할인+ 적립금만 20% 찬스,1136374775,NEW 고현정 단백질 리프팅 앰플 35ml 2병+마스크팩 1박스(5매입),https://m.gsshop.com/prd/prd.gs?prdid=1136374775&mseq=420485-4&pgmId=46726,신규등록
2026-10-01,20261001,12:00,46727,[오늘특가] 맥퀸뉴욕 전 상품 1만원대 초반!,1070654029,쉐이드 무드 아이팔레트 9구 섀도우 뮤티드포션,https://m.gsshop.com/prd/prd.gs?prdid=1070654029&mseq=420485-2&pgmId=46727,신규등록
2026-10-01,20261001,12:00,46727,[오늘특가] 맥퀸뉴욕 전 상품 1만원대 초반!,1076797475,[1+ 1] 맥퀸뉴욕 테이퍼 캔들 멜팅밤 7종/ 글래스팅 립글로스 촉촉한 고보습 플럼퍼,https://m.gsshop.com/prd/prd.gs?prdid=1076797475&mseq=420485-3&pgmId=46727,신규등록
2026-10-01,20261001,12:00,46727,[오늘특가] 맥퀸뉴욕 전 상품 1만원대 초반!,1115055820,[1+ 1] 맥퀸뉴욕 로즈 PDRN 광채 비비크림/ 66.5% 스킨케어링/ 콜라겐 히알루론산/ 쫀득 밀착커버,https://m.gsshop.com/prd/prd.gs?prdid=1115055820&mseq=420485-4&pgmId=46727,신규등록
2026-10-01,20261001,12:00,46727,[오늘특가] 맥퀸뉴욕 전 상품 1만원대 초반!,65925326,1001 톤온톤 아이섀도우 팔레트 9구/ 누드무드 쉬머 글리터,https://m.gsshop.com/prd/prd.gs?prdid=65925326&mseq=420485-1&pgmId=46727,신규등록
2026-10-01,20261001,13:00,46055,[산지애] 지금 가장 맛있는 품종! 황금사과 시나노골드,1023523841,황금 사과 시나노골드 6kg (3kg*2박스),https://m.gsshop.com/prd/prd.gs?prdid=1023523841&mseq=420485-2&pgmId=46055,신규등록
2026-10-01,20261001,13:00,46055,[산지애] 지금 가장 맛있는 품종! 황금사과 시나노골드,1023524825,황금 사과 시나노골드 햇사과 3kg,https://m.gsshop.com/prd/prd.gs?prdid=1023524825&mseq=420485-3&pgmId=46055,신규등록
2026-10-01,20261001,13:00,46055,[산지애] 지금 가장 맛있는 품종! 황금사과 시나노골드,1136455733,황금 사과 시나노골드 햇사과 9kg (3kg*3박스),https://m.gsshop.com/prd/prd.gs?prdid=1136455733&mseq=420485-1&pgmId=46055,신규등록
2026-10-01,20261001,14:00,46056,[에이지] TV보다 먼저! 최신상 최초공개,1134246291,[26FW최신상]에이지투웨니스 골드볼륨샷 팩트 본품2+리필3+앰플,https://m.gsshop.com/prd/prd.gs?prdid=1134246291&mseq=420485-1&pgmId=46056,신규등록
2026-10-01,20261001,15:00,46057,[롤리타렘피카] 공식수입 정품! 최대 77%할인!,1063766685,[공식수입] 롤리타렘피카 EDP 100ml 2개,https://m.gsshop.com/prd/prd.gs?prdid=1063766685&mseq=420485-2&pgmId=46057,신규등록
2026-10-01,20261001,15:00,46057,[롤리타렘피카] 공식수입 정품! 최대 77%할인!,1130358566,[단하루 한정세트] 롤리타렘피카 르 퍼퓸 EDP 50ml+롤리타렘피카 플뢰르 EDP 30ml+롤리타렘피카 파우치+쇼핑백,https://m.gsshop.com/prd/prd.gs?prdid=1130358566&mseq=420485-4&pgmId=46057,신규등록
2026-10-01,20261001,15:00,46057,[롤리타렘피카] 공식수입 정품! 최대 77%할인!,1130819226,[단하루 한정세트] 롤리타렘피카 르 퍼퓸 EDP 50ml+롤리타렘피카 르 퍼퓸 EDP 50ml+롤리타렘피카 파우치+쇼핑백,https://m.gsshop.com/prd/prd.gs?prdid=1130819226&mseq=420485-3&pgmId=46057,신규등록
2026-10-01,20261001,15:00,46057,[롤리타렘피카] 공식수입 정품! 최대 77%할인!,65670284,"[소비자가 157,000원/ 공식수입원] 롤리타 렘피카 EDP 50ML",https://m.gsshop.com/prd/prd.gs?prdid=65670284&mseq=420485-1&pgmId=46057,신규등록
2026-10-01,20261001,16:00,46058,[엔니튜드] 26FW 최신상 방송에서만 할인!,1130774355,26FW 울100 인타샤 니트,https://m.gsshop.com/prd/prd.gs?prdid=1130774355&mseq=420485-1&pgmId=46058,신규등록
2026-10-01,20261001,16:00,46058,[엔니튜드] 26FW 최신상 방송에서만 할인!,1132587923,26FW 울 텍스쳐 니트3종,https://m.gsshop.com/prd/prd.gs?prdid=1132587923&mseq=420485-4&pgmId=46058,신규등록
2026-10-01,20261001,16:00,46058,[엔니튜드] 26FW 최신상 방송에서만 할인!,1132662306,26FW 울 니트 퀼팅 재킷,https://m.gsshop.com/prd/prd.gs?prdid=1132662306&mseq=420485-5&pgmId=46058,신규등록
2026-10-01,20261001,16:00,46058,[엔니튜드] 26FW 최신상 방송에서만 할인!,1132718945,26FW 울 도트 니트 팬츠,https://m.gsshop.com/prd/prd.gs?prdid=1132718945&mseq=420485-3&pgmId=46058,신규등록
2026-10-01,20261001,16:00,46058,[엔니튜드] 26FW 최신상 방송에서만 할인!,1132745072,26FW 울100 인타샤 니트 남성용,https://m.gsshop.com/prd/prd.gs?prdid=1132745072&mseq=420485-2&pgmId=46058,신규등록
2026-10-01,20261001,16:00,46058,[엔니튜드] 26FW 최신상 방송에서만 할인!,1132746359,26FW 울 레오파드 니트 스커트,https://m.gsshop.com/prd/prd.gs?prdid=1132746359&mseq=420485-6&pgmId=46058,신규등록
2026-10-01,20261001,16:00,46059,"[다시보기 태.피.없]아디다스 드로즈8종59,000원",1074680151,[500세트 한정]아디다스 The New Black 드로즈 8종,https://m.gsshop.com/prd/prd.gs?prdid=1074680151&mseq=420485-1&pgmId=46059,신규등록
2026-10-01,20261001,17:00,46060,[SJ와니] 26FW 최신상 방송중 빅세일! 최대40%,1130685182,"26FW 샴브레이 블록 니트 가디건 1종 [런칭 가격 99,900원]",https://m.gsshop.com/prd/prd.gs?prdid=1130685182&mseq=420485-5&pgmId=46060,신규등록
2026-10-01,20261001,17:00,46060,[SJ와니] 26FW 최신상 방송중 빅세일! 최대40%,1130687399,26FW 아티장 크래프트 니트 베스트 1종,https://m.gsshop.com/prd/prd.gs?prdid=1130687399&mseq=420485-6&pgmId=46060,신규등록
2026-10-01,20261001,17:00,46060,[SJ와니] 26FW 최신상 방송중 빅세일! 최대40%,1130691294,26FW 울블렌드 블루종 튜닉 레이어링 세트 2종,https://m.gsshop.com/prd/prd.gs?prdid=1130691294&mseq=420485-3&pgmId=46060,신규등록
2026-10-01,20261001,17:00,46060,[SJ와니] 26FW 최신상 방송중 빅세일! 최대40%,1130691764,26FW 울블렌드 3D 코쿤 팬츠 1종,https://m.gsshop.com/prd/prd.gs?prdid=1130691764&mseq=420485-4&pgmId=46060,신규등록
2026-10-01,20261001,17:00,46060,[SJ와니] 26FW 최신상 방송중 빅세일! 최대40%,1131688213,26FW 볼류믹 그레이스 패딩 팬츠 1종,https://m.gsshop.com/prd/prd.gs?prdid=1131688213&mseq=420485-1&pgmId=46060,신규등록
2026-10-01,20261001,17:00,46060,[SJ와니] 26FW 최신상 방송중 빅세일! 최대40%,1131688507,26FW 울 캐시미어 케이프 니트 세트 2종,https://m.gsshop.com/prd/prd.gs?prdid=1131688507&mseq=420485-2&pgmId=46060,신규등록
2026-10-01,20261001,17:00,46060,[SJ와니] 26FW 최신상 방송중 빅세일! 최대40%,1136714551,26FW 울블렌드 블루종 튜닉 1종,https://m.gsshop.com/prd/prd.gs?prdid=1136714551&mseq=420485-8&pgmId=46060,신규등록
2026-10-01,20261001,17:00,46060,[SJ와니] 26FW 최신상 방송중 빅세일! 최대40%,1136715845,26FW 울블렌드 크로쉐 러플 니트 1종,https://m.gsshop.com/prd/prd.gs?prdid=1136715845&mseq=420485-7&pgmId=46060,신규등록
2026-10-01,20261001,17:00,46061,[파르페by알레르망] 특가+카드할인+사은품+경품,1006030723,[파르페by알레르망] 모노 알러지케어 먼지없는 패드 Q,https://m.gsshop.com/prd/prd.gs?prdid=1006030723&mseq=420485-49&pgmId=46061,신규등록
2026-10-01,20261001,17:00,46061,[파르페by알레르망] 특가+카드할인+사은품+경품,1006030729,[파르페by알레르망] 모노 알러지케어 먼지없는 패드 S/SS,https://m.gsshop.com/prd/prd.gs?prdid=1006030729&mseq=420485-50&pgmId=46061,신규등록
2026-10-01,20261001,17:00,46061,[파르페by알레르망] 특가+카드할인+사은품+경품,1013786323,[파르페by알레르망] 마인 알러지케어 먼지없는 패드 Q,https://m.gsshop.com/prd/prd.gs?prdid=1013786323&mseq=420485-51&pgmId=46061,신규등록
2026-10-01,20261001,17:00,46061,[파르페by알레르망] 특가+카드할인+사은품+경품,1013786325,[파르페by알레르망] 마인 알러지케어 먼지없는 패드 S/SS,https://m.gsshop.com/prd/prd.gs?prdid=1013786325&mseq=420485-52&pgmId=46061,신규등록
2026-10-01,20261001,17:00,46061,[파르페by알레르망] 특가+카드할인+사은품+경품,1017033393,[파르페by알레르망] 리안 60수 면모달 차렵이불패드세트 Q,https://m.gsshop.com/prd/prd.gs?prdid=1017033393&mseq=420485-32&pgmId=46061,신규등록
2026-10-01,20261001,17:00,46061,[파르페by알레르망] 특가+카드할인+사은품+경품,1018030743,[파르페by알레르망] 플레인 80수 호텔식 차렵이불세트 S/SS,https://m.gsshop.com/prd/prd.gs?prdid=1018030743&mseq=420485-42&pgmId=46061,신규등록
2026-10-01,20261001,17:00,46061,[파르페by알레르망] 특가+카드할인+사은품+경품,1018030749,[파르페by알레르망] 플레인 80수 호텔식 무봉제 차렵이불세트 Q,https://m.gsshop.com/prd/prd.gs?prdid=1018030749&mseq=420485-43&pgmId=46061,신규등록
2026-10-01,20261001,17:00,46061,[파르페by알레르망] 특가+카드할인+사은품+경품,1018030755,[파르페by알레르망] 플레인 80수 호텔식 무봉제 차렵이불 S/SS,https://m.gsshop.com/prd/prd.gs?prdid=1018030755&mseq=420485-44&pgmId=46061,신규등록
2026-10-01,20261001,17:00,46061,[파르페by알레르망] 특가+카드할인+사은품+경품,1018030758,[파르페by알레르망] 플레인 80수 호텔식 차렵이불패드세트 Q,https://m.gsshop.com/prd/prd.gs?prdid=1018030758&mseq=420485-45&pgmId=46061,신규등록
2026-10-01,20261001,17:00,46061,[파르페by알레르망] 특가+카드할인+사은품+경품,1018030766,[파르페by알레르망] 플레인 80수 호텔식 무봉제 차렵이불 Q,https://m.gsshop.com/prd/prd.gs?prdid=1018030766&mseq=420485-46&pgmId=46061,신규등록
2026-10-01,20261001,17:00,46061,[파르페by알레르망] 특가+카드할인+사은품+경품,1018030773,[파르페by알레르망] 플레인 80수 호텔식 차렵이불패드세트 S/SS,https://m.gsshop.com/prd/prd.gs?prdid=1018030773&mseq=420485-47&pgmId=46061,신규등록
2026-10-01,20261001,17:00,46061,[파르페by알레르망] 특가+카드할인+사은품+경품,1023170189,[파르페by알레르망] 빌리프 알러지케어 워셔블 경추베개 (40x60),https://m.gsshop.com/prd/prd.gs?prdid=1023170189&mseq=420485-53&pgmId=46061,신규등록
2026-10-01,20261001,17:00,46061,[파르페by알레르망] 특가+카드할인+사은품+경품,1023170196,[파르페by알레르망] 빌리프 알러지케어 워셔블 경추베개 (50x70),https://m.gsshop.com/prd/prd.gs?prdid=1023170196&mseq=420485-54&pgmId=46061,신규등록
2026-10-01,20261001,17:00,46061,[파르페by알레르망] 특가+카드할인+사은품+경품,1026213852,[파르페by알레르망] 마틴 알러지케어 다운필 차렵이불 S/SS,https://m.gsshop.com/prd/prd.gs?prdid=1026213852&mseq=420485-60&pgmId=46061,신규등록
2026-10-01,20261001,17:00,46061,[파르페by알레르망] 특가+카드할인+사은품+경품,1026213859,[파르페by알레르망] 마틴 알러지케어 다운필 차렵이불세트 S/SS,https://m.gsshop.com/prd/prd.gs?prdid=1026213859&mseq=420485-61&pgmId=46061,신규등록
2026-10-01,20261001,17:00,46061,[파르페by알레르망] 특가+카드할인+사은품+경품,1026213868,[파르페by알레르망] 마틴 알러지케어 차렵이불패드세트 S/SS,https://m.gsshop.com/prd/prd.gs?prdid=1026213868&mseq=420485-62&pgmId=46061,신규등록
2026-10-01,20261001,17:00,46061,[파르페by알레르망] 특가+카드할인+사은품+경품,1026213875,[파르페by알레르망] 마틴 알러지케어 다운필 차렵이불 Q,https://m.gsshop.com/prd/prd.gs?prdid=1026213875&mseq=420485-63&pgmId=46061,신규등록
2026-10-01,20261001,17:00,46061,[파르페by알레르망] 특가+카드할인+사은품+경품,1026213882,[파르페by알레르망] 마틴 알러지케어 다운필 차렵이불세트 Q,https://m.gsshop.com/prd/prd.gs?prdid=1026213882&mseq=420485-64&pgmId=46061,신규등록
2026-10-01,20261001,17:00,46061,[파르페by알레르망] 특가+카드할인+사은품+경품,1026213890,[파르페by알레르망] 마틴 알러지케어 다운필 차렵이불패드세트 Q,https://m.gsshop.com/prd/prd.gs?prdid=1026213890&mseq=420485-65&pgmId=46061,신규등록
2026-10-01,20261001,17:00,46061,[파르페by알레르망] 특가+카드할인+사은품+경품,1026376618,[파르페by알레르망] 페이드 알러지케어 다운필 차렵이불패드세트 Q,https://m.gsshop.com/prd/prd.gs?prdid=1026376618&mseq=420485-36&pgmId=46061,신규등록
2026-10-01,20261001,17:00,46061,[파르페by알레르망] 특가+카드할인+사은품+경품,1026376627,[파르페by알레르망] 페이드 알러지케어 다운필 차렵이불 Q,https://m.gsshop.com/prd/prd.gs?prdid=1026376627&mseq=420485-37&pgmId=46061,신규등록
2026-10-01,20261001,17:00,46061,[파르페by알레르망] 특가+카드할인+사은품+경품,1026376634,[파르페by알레르망] 페이드 알러지케어 다운필 차렵이불패드세트 S/SS,https://m.gsshop.com/prd/prd.gs?prdid=1026376634&mseq=420485-38&pgmId=46061,신규등록
2026-10-01,20261001,17:00,46061,[파르페by알레르망] 특가+카드할인+사은품+경품,1026376642,[파르페by알레르망] 페이드 알러지케어 다운필 차렵이불세트 S/SS,https://m.gsshop.com/prd/prd.gs?prdid=1026376642&mseq=420485-39&pgmId=46061,신규등록
2026-10-01,20261001,17:00,46061,[파르페by알레르망] 특가+카드할인+사은품+경품,1026376654,[파르페by알레르망] 페이드 알러지케어 다운필 차렵이불 S/SS,https://m.gsshop.com/prd/prd.gs?prdid=1026376654&mseq=420485-40&pgmId=46061,신규등록
2026-10-01,20261001,17:00,46061,[파르페by알레르망] 특가+카드할인+사은품+경품,1026376662,[파르페by알레르망] 페이드 알러지케어 다운필 차렵이불세트 Q,https://m.gsshop.com/prd/prd.gs?prdid=1026376662&mseq=420485-41&pgmId=46061,신규등록
2026-10-01,20261001,17:00,46061,[파르페by알레르망] 특가+카드할인+사은품+경품,1028962278,[파르페by알레르망] 파운드 알러지케어 누빔 매트리스 커버 S/SS (베이직),https://m.gsshop.com/prd/prd.gs?prdid=1028962278&mseq=420485-55&pgmId=46061,신규등록
2026-10-01,20261001,17:00,46061,[파르페by알레르망] 특가+카드할인+사은품+경품,1028962281,[파르페by알레르망] 파운드 알러지케어 누빔 매트리스 커버 K,https://m.gsshop.com/prd/prd.gs?prdid=1028962281&mseq=420485-56&pgmId=46061,신규등록
2026-10-01,20261001,17:00,46061,[파르페by알레르망] 특가+카드할인+사은품+경품,1028962284,[파르페by알레르망] 파운드 알러지케어 누빔 매트리스 커버 Q (베이직),https://m.gsshop.com/prd/prd.gs?prdid=1028962284&mseq=420485-57&pgmId=46061,신규등록
2026-10-01,20261001,17:00,46061,[파르페by알레르망] 특가+카드할인+사은품+경품,1029055024,[파르페by알레르망] 마인 알러지케어 먼지없는 패드 K,https://m.gsshop.com/prd/prd.gs?prdid=1029055024&mseq=420485-58&pgmId=46061,신규등록
2026-10-01,20261001,17:00,46061,[파르페by알레르망] 특가+카드할인+사은품+경품,1062193914,[파르페by알레르망] 프랑 알러지케어 차렵이불패드세트 Q,https://m.gsshop.com/prd/prd.gs?prdid=1062193914&mseq=420485-5&pgmId=46061,신규등록
2026-10-01,20261001,17:00,46061,[파르페by알레르망] 특가+카드할인+사은품+경품,1062193915,[파르페by알레르망] 프랑 알러지케어 차렵이불세트 Q,https://m.gsshop.com/prd/prd.gs?prdid=1062193915&mseq=420485-13&pgmId=46061,신규등록
2026-10-01,20261001,17:00,46061,[파르페by알레르망] 특가+카드할인+사은품+경품,1062193918,[파르페by알레르망] 프랑 알러지케어 차렵이불 Q,https://m.gsshop.com/prd/prd.gs?prdid=1062193918&mseq=420485-14&pgmId=46061,신규등록
2026-10-01,20261001,17:00,46061,[파르페by알레르망] 특가+카드할인+사은품+경품,1062193919,[파르페by알레르망] 프랑 알러지케어 차렵이불패드세트 S/SS,https://m.gsshop.com/prd/prd.gs?prdid=1062193919&mseq=420485-6&pgmId=46061,신규등록
2026-10-01,20261001,17:00,46061,[파르페by알레르망] 특가+카드할인+사은품+경품,1062193920,[파르페by알레르망] 프랑 알러지케어 차렵이불세트 S/SS,https://m.gsshop.com/prd/prd.gs?prdid=1062193920&mseq=420485-15&pgmId=46061,신규등록
2026-10-01,20261001,17:00,46061,[파르페by알레르망] 특가+카드할인+사은품+경품,1062193921,[파르페by알레르망] 프랑 알러지케어 차렵이불 S/SS,https://m.gsshop.com/prd/prd.gs?prdid=1062193921&mseq=420485-16&pgmId=46061,신규등록
2026-10-01,20261001,17:00,46061,[파르페by알레르망] 특가+카드할인+사은품+경품,1062378887,[파르페by알레르망]파피에 알러지케어 다운필 차렵이불패드세트 Q,https://m.gsshop.com/prd/prd.gs?prdid=1062378887&mseq=420485-3&pgmId=46061,신규등록
2026-10-01,20261001,17:00,46061,[파르페by알레르망] 특가+카드할인+사은품+경품,1062378899,[파르페by알레르망]파피에 알러지케어 다운필 차렵이불세트 Q,https://m.gsshop.com/prd/prd.gs?prdid=1062378899&mseq=420485-9&pgmId=46061,신규등록
2026-10-01,20261001,17:00,46061,[파르페by알레르망] 특가+카드할인+사은품+경품,1062378914,[파르페by알레르망]파피에 알러지케어 다운필 차렵이불 Q,https://m.gsshop.com/prd/prd.gs?prdid=1062378914&mseq=420485-10&pgmId=46061,신규등록
2026-10-01,20261001,17:00,46061,[파르페by알레르망] 특가+카드할인+사은품+경품,1062378925,[파르페by알레르망]파피에 알러지케어 다운필 차렵이불패드세트 S/SS,https://m.gsshop.com/prd/prd.gs?prdid=1062378925&mseq=420485-4&pgmId=46061,신규등록
2026-10-01,20261001,17:00,46061,[파르페by알레르망] 특가+카드할인+사은품+경품,1062378934,[파르페by알레르망]파피에 알러지케어 다운필 차렵이불세트 S/SS,https://m.gsshop.com/prd/prd.gs?prdid=1062378934&mseq=420485-11&pgmId=46061,신규등록
2026-10-01,20261001,17:00,46061,[파르페by알레르망] 특가+카드할인+사은품+경품,1062378944,[파르페by알레르망]파피에 알러지케어 다운필 차렵이불 S/SS,https://m.gsshop.com/prd/prd.gs?prdid=1062378944&mseq=420485-12&pgmId=46061,신규등록
2026-10-01,20261001,17:00,46061,[파르페by알레르망] 특가+카드할인+사은품+경품,1064166479,[파르페by알레르망] 듀얼 알러지케어 다운필 차렵이불패드세트 Q,https://m.gsshop.com/prd/prd.gs?prdid=1064166479&mseq=420485-23&pgmId=46061,신규등록
2026-10-01,20261001,17:00,46061,[파르페by알레르망] 특가+카드할인+사은품+경품,1064166481,[파르페by알레르망] 듀얼 알러지케어 다운필 차렵이불세트 Q,https://m.gsshop.com/prd/prd.gs?prdid=1064166481&mseq=420485-24&pgmId=46061,신규등록
2026-10-01,20261001,17:00,46061,[파르페by알레르망] 특가+카드할인+사은품+경품,1064166484,[파르페by알레르망] 듀얼 알러지케어 다운필 차렵이불세트 S/SS,https://m.gsshop.com/prd/prd.gs?prdid=1064166484&mseq=420485-25&pgmId=46061,신규등록
2026-10-01,20261001,17:00,46061,[파르페by알레르망] 특가+카드할인+사은품+경품,1064166485,[파르페by알레르망] 듀얼 알러지케어다운필차렵이불패드세트S/SS,https://m.gsshop.com/prd/prd.gs?prdid=1064166485&mseq=420485-26&pgmId=46061,신규등록
2026-10-01,20261001,17:00,46061,[파르페by알레르망] 특가+카드할인+사은품+경품,1067249442,[파르페by알레르망] 마틴 알러지케어 다운필 차렵이불패드세트 K,https://m.gsshop.com/prd/prd.gs?prdid=1067249442&mseq=420485-66&pgmId=46061,신규등록
2026-10-01,20261001,17:00,46061,[파르페by알레르망] 특가+카드할인+사은품+경품,1090515921,[파르페by알레르망] 플레인 80수 호텔식 무봉제 차렵이불패드세트 K,https://m.gsshop.com/prd/prd.gs?prdid=1090515921&mseq=420485-48&pgmId=46061,신규등록
2026-10-01,20261001,17:00,46061,[파르페by알레르망] 특가+카드할인+사은품+경품,1098929858,[파르페by알레르망] 모노 알러지케어 먼지없는 패드 K,https://m.gsshop.com/prd/prd.gs?prdid=1098929858&mseq=420485-59&pgmId=46061,신규등록
2026-10-01,20261001,17:00,46061,[파르페by알레르망] 특가+카드할인+사은품+경품,1109300149,[파르페by알레르망] 에어리 알러지케어 크리즈워싱 스프레드 겸 이불 7color SS,https://m.gsshop.com/prd/prd.gs?prdid=1109300149&mseq=420485-33&pgmId=46061,신규등록
2026-10-01,20261001,17:00,46061,[파르페by알레르망] 특가+카드할인+사은품+경품,1109300196,[파르페by알레르망] 에어리 알러지케어 크리즈워싱 스프레드 겸 이불 7color Q,https://m.gsshop.com/prd/prd.gs?prdid=1109300196&mseq=420485-34&pgmId=46061,신규등록
2026-10-01,20261001,17:00,46061,[파르페by알레르망] 특가+카드할인+사은품+경품,1109300246,[파르페by알레르망] 에어리 알러지케어 크리즈워싱 스프레드 겸 이불 7color K,https://m.gsshop.com/prd/prd.gs?prdid=1109300246&mseq=420485-35&pgmId=46061,신규등록
2026-10-01,20261001,17:00,46061,[파르페by알레르망] 특가+카드할인+사은품+경품,1134641611,[파르페by알레르망][GS단독]레이즈 알러지케어 패드 S/SS,https://m.gsshop.com/prd/prd.gs?prdid=1134641611&mseq=420485-1&pgmId=46061,신규등록
2026-10-01,20261001,17:00,46061,[파르페by알레르망] 특가+카드할인+사은품+경품,1134641617,[파르페by알레르망][GS단독]레이즈 알러지케어 패드 Q,https://m.gsshop.com/prd/prd.gs?prdid=1134641617&mseq=420485-2&pgmId=46061,신규등록
2026-10-01,20261001,17:00,46061,[파르페by알레르망] 특가+카드할인+사은품+경품,1135062179,[파르페by알레르망] 베인 면모달 차렵이불패드세트 Q,https://m.gsshop.com/prd/prd.gs?prdid=1135062179&mseq=420485-17&pgmId=46061,신규등록
2026-10-01,20261001,17:00,46061,[파르페by알레르망] 특가+카드할인+사은품+경품,1135062180,[파르페by알레르망] 베인 면모달 차렵이불베개세트 Q,https://m.gsshop.com/prd/prd.gs?prdid=1135062180&mseq=420485-18&pgmId=46061,신규등록
2026-10-01,20261001,17:00,46061,[파르페by알레르망] 특가+카드할인+사은품+경품,1135062182,[파르페by알레르망] 베인 면모달 차렵이불 Q,https://m.gsshop.com/prd/prd.gs?prdid=1135062182&mseq=420485-19&pgmId=46061,신규등록
2026-10-01,20261001,17:00,46061,[파르페by알레르망] 특가+카드할인+사은품+경품,1135062184,[파르페by알레르망] 베인 면모달 차렵이불패드세트 S/SS,https://m.gsshop.com/prd/prd.gs?prdid=1135062184&mseq=420485-20&pgmId=46061,신규등록
2026-10-01,20261001,17:00,46061,[파르페by알레르망] 특가+카드할인+사은품+경품,1135062190,[파르페by알레르망] 베인 면모달 차렵이불베개세트 S/SS,https://m.gsshop.com/prd/prd.gs?prdid=1135062190&mseq=420485-21&pgmId=46061,신규등록
2026-10-01,20261001,17:00,46061,[파르페by알레르망] 특가+카드할인+사은품+경품,1135062193,[파르페by알레르망] 베인 면모달 차렵이불 S/SS,https://m.gsshop.com/prd/prd.gs?prdid=1135062193&mseq=420485-22&pgmId=46061,신규등록
2026-10-01,20261001,17:00,46061,[파르페by알레르망] 특가+카드할인+사은품+경품,95986895,[파르페by알레르망] 알러지케어 경추 베개솜 (50x70),https://m.gsshop.com/prd/prd.gs?prdid=95986895&mseq=420485-7&pgmId=46061,신규등록
2026-10-01,20261001,17:00,46061,[파르페by알레르망] 특가+카드할인+사은품+경품,95986898,[파르페by알레르망] 알러지케어 경추 베개솜 (40x60),https://m.gsshop.com/prd/prd.gs?prdid=95986898&mseq=420485-8&pgmId=46061,신규등록
2026-10-01,20261001,17:00,46061,[파르페by알레르망] 특가+카드할인+사은품+경품,96381869,[파르페by알레르망] 리안 60수 면모달 차렵이불세트 Q,https://m.gsshop.com/prd/prd.gs?prdid=96381869&mseq=420485-27&pgmId=46061,신규등록
2026-10-01,20261001,17:00,46061,[파르페by알레르망] 특가+카드할인+사은품+경품,96381877,[파르페by알레르망] 리안 60수 면모달 차렵이불 Q,https://m.gsshop.com/prd/prd.gs?prdid=96381877&mseq=420485-28&pgmId=46061,신규등록
2026-10-01,20261001,17:00,46061,[파르페by알레르망] 특가+카드할인+사은품+경품,96381885,[파르페by알레르망] 리안 60수 면모달 차렵이불패드세트 S/SS,https://m.gsshop.com/prd/prd.gs?prdid=96381885&mseq=420485-29&pgmId=46061,신규등록
2026-10-01,20261001,17:00,46061,[파르페by알레르망] 특가+카드할인+사은품+경품,96381891,[파르페by알레르망] 리안 60수 면모달 차렵이불세트 S/SS,https://m.gsshop.com/prd/prd.gs?prdid=96381891&mseq=420485-30&pgmId=46061,신규등록
2026-10-01,20261001,17:00,46061,[파르페by알레르망] 특가+카드할인+사은품+경품,96381896,[파르페by알레르망] 리안 60수 면모달 차렵이불 S/SS,https://m.gsshop.com/prd/prd.gs?prdid=96381896&mseq=420485-31&pgmId=46061,신규등록
2026-10-01,20261001,18:00,46062,[리포좀 콜라겐] 70%할인 단하루 역대급 최대 혜택!,1129464035,H 홀리데이즈 리포좀 콜라겐 3병(6개월분),https://m.gsshop.com/prd/prd.gs?prdid=1129464035&mseq=420485-1&pgmId=46062,신규등록
2026-10-01,20261001,18:00,46063,[메디큐브] 최신상 물방울초음파 LDM 최초공개!,1137133593,[딜데이혜택] 메디큐브 최신상 디바이스 카드7%+적립10%,https://m.gsshop.com/deal/deal.gs?dealNo=1137133593&mseq=420485-1&pgmId=46063,신규등록
2026-10-01,20261001,19:00,46064,[헤리든] 100% 모달 침구세트 방송에서만 10만원대,1135917759,LK_클라우드 모달 침구(이불 겸 패드 1개 + 베개커버 1개),https://m.gsshop.com/prd/prd.gs?prdid=1135917759&mseq=420485-4&pgmId=46064,신규등록
2026-10-01,20261001,19:00,46064,[헤리든] 100% 모달 침구세트 방송에서만 10만원대,1135917944,LQ_클라우드 모달 침구(이불 겸 패드 1개 + 베개커버 1개),https://m.gsshop.com/prd/prd.gs?prdid=1135917944&mseq=420485-5&pgmId=46064,신규등록
2026-10-01,20261001,19:00,46064,[헤리든] 100% 모달 침구세트 방송에서만 10만원대,1135918318,LK_클라우드 모달 침구(이불 겸 패드 2+ 베개커버 2개),https://m.gsshop.com/prd/prd.gs?prdid=1135918318&mseq=420485-1&pgmId=46064,신규등록
2026-10-01,20261001,19:00,46064,[헤리든] 100% 모달 침구세트 방송에서만 10만원대,1135918457,LQ_클라우드 모달 침구(이불 겸 패드 2개 + 베개커버 2개),https://m.gsshop.com/prd/prd.gs?prdid=1135918457&mseq=420485-2&pgmId=46064,신규등록
2026-10-01,20261001,19:00,46064,[헤리든] 100% 모달 침구세트 방송에서만 10만원대,1135929241,LS_클라우드 모달 침구(이불 겸 패드 1개 + 베개커버 1개),https://m.gsshop.com/prd/prd.gs?prdid=1135929241&mseq=420485-6&pgmId=46064,신규등록
2026-10-01,20261001,19:00,46064,[헤리든] 100% 모달 침구세트 방송에서만 10만원대,1135929903,LS_클라우드 모달 침구(이불 겸 패드 2개 + 베개커버 2개),https://m.gsshop.com/prd/prd.gs?prdid=1135929903&mseq=420485-3&pgmId=46064,신규등록
2026-10-01,20261001,19:00,46065,[쿠쿠] 마스터쉐프! 방송에서만 6만원 뚝!,1038322729,IH 마스터셰프 10인용 CRP-LHTR1010FGI/FGB/FW,https://m.gsshop.com/prd/prd.gs?prdid=1038322729&mseq=420485-1&pgmId=46065,신규등록
2026-10-01,20261001,19:00,46065,[쿠쿠] 마스터쉐프! 방송에서만 6만원 뚝!,1038325734,IH 마스터셰프 6인용 CRP-LHTR0610FGI/FGB/FW,https://m.gsshop.com/prd/prd.gs?prdid=1038325734&mseq=420485-2&pgmId=46065,신규등록
2026-10-01,20261001,20:00,46066,[신난다은] 구찌 머플러+버버리 아우터 5% 추가할인!,1062621540,DALRY 달리 여성 다이아몬드 퀼팅 자켓 블랙 81214531 80914431,https://m.gsshop.com/prd/prd.gs?prdid=1062621540&mseq=420485-7&pgmId=46066,신규등록
2026-10-01,20261001,20:00,46066,[신난다은] 구찌 머플러+버버리 아우터 5% 추가할인!,1063042613,PARKGATE 파크게이트 퀼팅 후드 롱 여성 자켓 점퍼 80842091 81214671,https://m.gsshop.com/prd/prd.gs?prdid=1063042613&mseq=420485-10&pgmId=46066,신규등록
2026-10-01,20261001,20:00,46066,[신난다은] 구찌 머플러+버버리 아우터 5% 추가할인!,1071959343,SANDSEND 샌드센드 벨티드 후드 다운 여성 롱 패딩 점퍼 81052211,https://m.gsshop.com/prd/prd.gs?prdid=1071959343&mseq=420485-11&pgmId=46066,신규등록
2026-10-01,20261001,20:00,46066,[신난다은] 구찌 머플러+버버리 아우터 5% 추가할인!,1098986643,LEYBURN 레이번 여성 후드 롱 다운 코트 패딩 블랙 81120631,https://m.gsshop.com/prd/prd.gs?prdid=1098986643&mseq=420485-12&pgmId=46066,신규등록
2026-10-01,20261001,20:00,46066,[신난다은] 구찌 머플러+버버리 아우터 5% 추가할인!,1105251908,GG 웹 울 머플러 570603 3G200 1466,https://m.gsshop.com/prd/prd.gs?prdid=1105251908&mseq=420485-5&pgmId=46066,신규등록
2026-10-01,20261001,20:00,46066,[신난다은] 구찌 머플러+버버리 아우터 5% 추가할인!,1105252040,GG 웹 울 머플러 570603 3G200 9568,https://m.gsshop.com/prd/prd.gs?prdid=1105252040&mseq=420485-6&pgmId=46066,신규등록
2026-10-01,20261001,20:00,46066,[신난다은] 구찌 머플러+버버리 아우터 5% 추가할인!,1108208984,OVERTHORPE 오버소프 여성 후드 자켓 81114431,https://m.gsshop.com/prd/prd.gs?prdid=1108208984&mseq=420485-9&pgmId=46066,신규등록
2026-10-01,20261001,20:00,46066,[신난다은] 구찌 머플러+버버리 아우터 5% 추가할인!,1113985270,CAWTHORNE 카트론 코손 여성 퀄팅 자켓 81222791 81308011,https://m.gsshop.com/prd/prd.gs?prdid=1113985270&mseq=420485-8&pgmId=46066,신규등록
2026-10-01,20261001,20:00,46066,[신난다은] 구찌 머플러+버버리 아우터 5% 추가할인!,1132041590,GG 자카드 울 실크 스카프/머플러 165904 3G646 1000,https://m.gsshop.com/prd/prd.gs?prdid=1132041590&mseq=420485-4&pgmId=46066,신규등록
2026-10-01,20261001,20:00,46066,[신난다은] 구찌 머플러+버버리 아우터 5% 추가할인!,1132045555,GG 자카드 울 실크 스카프/머플러 165904 3G646 1400,https://m.gsshop.com/prd/prd.gs?prdid=1132045555&mseq=420485-3&pgmId=46066,신규등록
2026-10-01,20261001,20:00,46066,[신난다은] 구찌 머플러+버버리 아우터 5% 추가할인!,1132055018,GG 자카드 울 실크 스카프/머플러 165904 3G646 9500,https://m.gsshop.com/prd/prd.gs?prdid=1132055018&mseq=420485-1&pgmId=46066,신규등록
2026-10-01,20261001,20:00,46066,[신난다은] 구찌 머플러+버버리 아우터 5% 추가할인!,1132060322,GG 자카드 울 실크 스카프/머플러 165904 3G646 9664,https://m.gsshop.com/prd/prd.gs?prdid=1132060322&mseq=420485-2&pgmId=46066,신규등록
2026-10-01,20261001,20:00,46066,[신난다은] 구찌 머플러+버버리 아우터 5% 추가할인!,1132067667,GG 웹 울 머플러 570603 3G200 1768,https://m.gsshop.com/prd/prd.gs?prdid=1132067667&mseq=420485-14&pgmId=46066,신규등록
2026-10-01,20261001,20:00,46066,[신난다은] 구찌 머플러+버버리 아우터 5% 추가할인!,1132069435,GG 웹 울 머플러 570603 3G200 4068,https://m.gsshop.com/prd/prd.gs?prdid=1132069435&mseq=420485-13&pgmId=46066,신규등록
2026-10-01,20261001,20:00,46067,[코어]26FW 신상 미리보기! 방송에서만 10% 할인,1130085489,26FW 레이스 스웨트 3종,https://m.gsshop.com/prd/prd.gs?prdid=1130085489&mseq=420485-1&pgmId=46067,신규등록
2026-10-01,20261001,20:00,46067,[코어]26FW 신상 미리보기! 방송에서만 10% 할인,1130177116,26FW 싱글 블레이저,https://m.gsshop.com/prd/prd.gs?prdid=1130177116&mseq=420485-2&pgmId=46067,신규등록
2026-10-01,20261001,20:00,46067,[코어]26FW 신상 미리보기! 방송에서만 10% 할인,1130177868,26FW 크롭 배럴 트라우저,https://m.gsshop.com/prd/prd.gs?prdid=1130177868&mseq=420485-3&pgmId=46067,신규등록
2026-10-01,20261001,20:00,46067,[코어]26FW 신상 미리보기! 방송에서만 10% 할인,1130178084,26FW 콘트라스트 패널 데님,https://m.gsshop.com/prd/prd.gs?prdid=1130178084&mseq=420485-4&pgmId=46067,신규등록
2026-10-01,20261001,20:00,46067,[코어]26FW 신상 미리보기! 방송에서만 10% 할인,1130178155,"26FW 실크 브이넥 니트 3종 [런칭 가격 89,900원]",https://m.gsshop.com/prd/prd.gs?prdid=1130178155&mseq=420485-5&pgmId=46067,신규등록
2026-10-01,20261001,20:00,46067,[코어]26FW 신상 미리보기! 방송에서만 10% 할인,1130178686,26FW 슬림 배럴 치노 팬츠,https://m.gsshop.com/prd/prd.gs?prdid=1130178686&mseq=420485-6&pgmId=46067,신규등록
2026-10-01,20261001,20:00,46067,[코어]26FW 신상 미리보기! 방송에서만 10% 할인,1130178987,26FW 하이넥 FAUX 레더 블루종,https://m.gsshop.com/prd/prd.gs?prdid=1130178987&mseq=420485-7&pgmId=46067,신규등록
2026-10-01,20261001,21:00,46068,[안나수이] FW의류 GS 모바일라이브 최초공개,1118104986,"안나수이 [TAG가 129,000원] 자카드 퀼팅 자켓 2종 택1",https://m.gsshop.com/prd/prd.gs?prdid=1118104986&mseq=420485-5&pgmId=46068,신규등록
2026-10-01,20261001,21:00,46068,[안나수이] FW의류 GS 모바일라이브 최초공개,1118104990,"안나수이 [TAG가 89,000원] 자카드 퀼팅 스커트 2종 택1",https://m.gsshop.com/prd/prd.gs?prdid=1118104990&mseq=420485-6&pgmId=46068,신규등록
2026-10-01,20261001,21:00,46068,[안나수이] FW의류 GS 모바일라이브 최초공개,1118104996,"안나수이 [TAG가 179,000원] 오리지널 시그니처 트위드 자켓 2종 택1",https://m.gsshop.com/prd/prd.gs?prdid=1118104996&mseq=420485-3&pgmId=46068,신규등록
2026-10-01,20261001,21:00,46068,[안나수이] FW의류 GS 모바일라이브 최초공개,1118105002,"안나수이 [TAG가 89,000원] 데님 벨벳 팬츠 2종 택1",https://m.gsshop.com/prd/prd.gs?prdid=1118105002&mseq=420485-2&pgmId=46068,신규등록
2026-10-01,20261001,21:00,46068,[안나수이] FW의류 GS 모바일라이브 최초공개,1118105013,"[GS단독]안나수이 [TAG가 79,000원] 플라워 데님 스커트 2종 택1",https://m.gsshop.com/prd/prd.gs?prdid=1118105013&mseq=420485-1&pgmId=46068,신규등록
2026-10-01,20261001,21:00,46068,[안나수이] FW의류 GS 모바일라이브 최초공개,1130191467,"안나수이 [TAG가 79,000원] 다이아 모티브 티블라우스 1종",https://m.gsshop.com/prd/prd.gs?prdid=1130191467&mseq=420485-4&pgmId=46068,신규등록
2026-10-01,20261001,21:00,46068,[안나수이] FW의류 GS 모바일라이브 최초공개,1130191487,"안나수이[TAG가 59,000원] 크리미 저지팬츠 1종",https://m.gsshop.com/prd/prd.gs?prdid=1130191487&mseq=420485-7&pgmId=46068,신규등록
2026-10-01,20261001,21:00,46069,[리파 카사M1] 더블구성 방송에서만 역대최대혜택,1084355723,[싱글세트] 경락괄사마사지 리파 카사M1 + 가히 바운싱크림 1개(50ml),https://m.gsshop.com/prd/prd.gs?prdid=1084355723&mseq=420485-1&pgmId=46069,신규등록
2026-10-01,20261001,21:00,46069,[리파 카사M1] 더블구성 방송에서만 역대최대혜택,1108208665,[더블세트]경락괄사마사지 리파카사M1 화이트 더블컬렉션 (카사M1 화이트 2개+가히 바운싱크림 2개),https://m.gsshop.com/prd/prd.gs?prdid=1108208665&mseq=420485-2&pgmId=46069,신규등록
2026-10-01,20261001,22:00,46070,[찐친뷰티] 펠리체골드 방송에서만 이가격&사은품,1037383243,[10월특가] 18K 레디언트 팔찌,https://m.gsshop.com/prd/prd.gs?prdid=1037383243&mseq=420485-10&pgmId=46070,신규등록
2026-10-01,20261001,22:00,46070,[찐친뷰티] 펠리체골드 방송에서만 이가격&사은품,1068099532,[20번]펠리체골드 [9월골든특가/이태리] 18K 라세타 목걸이,https://m.gsshop.com/prd/prd.gs?prdid=1068099532&mseq=420485-20&pgmId=46070,신규등록
2026-10-01,20261001,22:00,46070,[찐친뷰티] 펠리체골드 방송에서만 이가격&사은품,1068099549,[19번]펠리체골드 [9월골든특가/이태리] 18K 라세타 팔찌,https://m.gsshop.com/prd/prd.gs?prdid=1068099549&mseq=420485-19&pgmId=46070,신규등록
2026-10-01,20261001,22:00,46070,[찐친뷰티] 펠리체골드 방송에서만 이가격&사은품,1088713231,[샤피11번][방송에서만_특가+무이자 12개월_사은품_금+금+금+금]펠리체골드 18K 레디언트 컷팅 목걸이,https://m.gsshop.com/prd/prd.gs?prdid=1088713231&mseq=420485-11&pgmId=46070,신규등록
2026-10-01,20261001,22:00,46070,[찐친뷰티] 펠리체골드 방송에서만 이가격&사은품,1100941315,[17번]펠리체골드 [9월골든특가] 18K 모이사나이트 이터니티 반지,https://m.gsshop.com/prd/prd.gs?prdid=1100941315&mseq=420485-17&pgmId=46070,신규등록
2026-10-01,20261001,22:00,46070,[찐친뷰티] 펠리체골드 방송에서만 이가격&사은품,1100941669,[샤피6번][방송에서만_특가+골드바증정]펠리체골드 18K 모이사나이트 하프 반지,https://m.gsshop.com/prd/prd.gs?prdid=1100941669&mseq=420485-6&pgmId=46070,신규등록
2026-10-01,20261001,22:00,46070,[찐친뷰티] 펠리체골드 방송에서만 이가격&사은품,1113258421,[18번]펠리체골드 [9월골든특가] 14K 버블링 3mm 대 반지,https://m.gsshop.com/prd/prd.gs?prdid=1113258421&mseq=420485-18&pgmId=46070,신규등록
2026-10-01,20261001,22:00,46070,[찐친뷰티] 펠리체골드 방송에서만 이가격&사은품,1123671528,[13번]펠리체골드 [9월골든특가] 18K 천연가넷 금볼 팔찌,https://m.gsshop.com/prd/prd.gs?prdid=1123671528&mseq=420485-13&pgmId=46070,신규등록
2026-10-01,20261001,22:00,46070,[찐친뷰티] 펠리체골드 방송에서만 이가격&사은품,1123671539,[14번]펠리체골드 [9월골든특가] 18K 천연가넷 금볼 목걸이,https://m.gsshop.com/prd/prd.gs?prdid=1123671539&mseq=420485-14&pgmId=46070,신규등록
2026-10-01,20261001,22:00,46070,[찐친뷰티] 펠리체골드 방송에서만 이가격&사은품,1129394947,[샤피7번][방송에서만_특가+무이자 12개월+골드바증정]펠리체골드 18K 퀼팅 반지,https://m.gsshop.com/prd/prd.gs?prdid=1129394947&mseq=420485-7&pgmId=46070,신규등록
2026-10-01,20261001,22:00,46070,[찐친뷰티] 펠리체골드 방송에서만 이가격&사은품,1129394955,[16번]펠리체골드 [9월골든특가] 18K 퀼팅 귀걸이,https://m.gsshop.com/prd/prd.gs?prdid=1129394955&mseq=420485-16&pgmId=46070,신규등록
2026-10-01,20261001,22:00,46070,[찐친뷰티] 펠리체골드 방송에서만 이가격&사은품,1129395030,[샤피1번][방송에서만_특가+실버바증정]펠리체골드 실버 925 글리터 클립체인 세트,https://m.gsshop.com/prd/prd.gs?prdid=1129395030&mseq=420485-1&pgmId=46070,신규등록
2026-10-01,20261001,22:00,46070,[찐친뷰티] 펠리체골드 방송에서만 이가격&사은품,1131119516,[샤피2번][방송에서만_특가+실버바증정]펠리체골드 실버 925 스네이크 4mm 세트,https://m.gsshop.com/prd/prd.gs?prdid=1131119516&mseq=420485-2&pgmId=46070,신규등록
2026-10-01,20261001,22:00,46070,[찐친뷰티] 펠리체골드 방송에서만 이가격&사은품,1131154199,[샤피4번][방송에서만_특가+실버바증정]펠리체골드 실버 925 모이사나이트 스위트 팔찌,https://m.gsshop.com/prd/prd.gs?prdid=1131154199&mseq=420485-4&pgmId=46070,신규등록
2026-10-01,20261001,22:00,46070,[찐친뷰티] 펠리체골드 방송에서만 이가격&사은품,1132344635,[샤피12번][방송에서만_특가+무이자12개월+사은품+금+금+금+금 ]펠리체골드 24K 순금 루미에르 팔찌,https://m.gsshop.com/prd/prd.gs?prdid=1132344635&mseq=420485-12&pgmId=46070,신규등록
2026-10-01,20261001,22:00,46070,[찐친뷰티] 펠리체골드 방송에서만 이가격&사은품,1134483296,[샤피5번][방송에서만_특가+실버바증정]펠리체골드 실버 925 모이사나이트 블라썸 팔찌,https://m.gsshop.com/prd/prd.gs?prdid=1134483296&mseq=420485-5&pgmId=46070,신규등록
2026-10-01,20261001,22:00,46070,[찐친뷰티] 펠리체골드 방송에서만 이가격&사은품,1136450199,[샤피3번][방송에서만_특가+실버바증정]펠리체골드 실버 925 모이사나이트 무빙클로버 목걸이,https://m.gsshop.com/prd/prd.gs?prdid=1136450199&mseq=420485-3&pgmId=46070,신규등록
2026-10-01,20261001,22:00,46070,[찐친뷰티] 펠리체골드 방송에서만 이가격&사은품,1136468255,[15번]펠리체골드 실버 925 모이사나이트 럭셔리 귀걸이,https://m.gsshop.com/prd/prd.gs?prdid=1136468255&mseq=420485-15&pgmId=46070,신규등록
2026-10-01,20261001,22:00,46070,[찐친뷰티] 펠리체골드 방송에서만 이가격&사은품,1136827874,[샤피9번][방송에서만_특가+무이자 12개월_사은품_금+금+금+금]펠리체골드 18K 글래디스 목걸이,https://m.gsshop.com/prd/prd.gs?prdid=1136827874&mseq=420485-9&pgmId=46070,신규등록
2026-10-01,20261001,22:00,46070,[찐친뷰티] 펠리체골드 방송에서만 이가격&사은품,1136827880,[샤피8번][방송에서만_특가+골드바증정]펠리체골드 18K 글래디스 팔찌,https://m.gsshop.com/prd/prd.gs?prdid=1136827880&mseq=420485-8&pgmId=46070,신규등록
2026-10-01,20261001,23:00,46071,[데니스골프] 단 하루! 온라인 최저가 약속!,1097920270,[LIVE][무료배송][DENNIS] 남성 컴포트핏 히든밴딩 기모팬츠,https://m.gsshop.com/prd/prd.gs?prdid=1097920270&mseq=420485-14&pgmId=46071,신규등록
2026-10-01,20261001,23:00,46071,[데니스골프] 단 하루! 온라인 최저가 약속!,1105155693,[LIVE][무료배송][DENNIS] 여성 카고포켓 기모 조거팬츠_베이지,https://m.gsshop.com/prd/prd.gs?prdid=1105155693&mseq=420485-8&pgmId=46071,신규등록
2026-10-01,20261001,23:00,46071,[데니스골프] 단 하루! 온라인 최저가 약속!,1105155705,[LIVE][무료배송][DENNIS] 여성 트리코트 기모 조거팬츠_블랙,https://m.gsshop.com/prd/prd.gs?prdid=1105155705&mseq=420485-7&pgmId=46071,신규등록
2026-10-01,20261001,23:00,46071,[데니스골프] 단 하루! 온라인 최저가 약속!,1134212478,[LIVE][무료배송][DENNIS] 여성 헤라시 레이어드 니트_네이비,https://m.gsshop.com/prd/prd.gs?prdid=1134212478&mseq=420485-3&pgmId=46071,신규등록
2026-10-01,20261001,23:00,46071,[데니스골프] 단 하루! 온라인 최저가 약속!,1134212493,[LIVE][무료배송][DENNIS] 여성 헤라시 레이어드 니트_블랙,https://m.gsshop.com/prd/prd.gs?prdid=1134212493&mseq=420485-1&pgmId=46071,신규등록
2026-10-01,20261001,23:00,46071,[데니스골프] 단 하루! 온라인 최저가 약속!,1134212512,[LIVE][무료배송][DENNIS] 여성 헤라시 레이어드 니트_베이지,https://m.gsshop.com/prd/prd.gs?prdid=1134212512&mseq=420485-2&pgmId=46071,신규등록
2026-10-01,20261001,23:00,46071,[데니스골프] 단 하루! 온라인 최저가 약속!,1134866699,[LIVE][무료배송][DENNIS] 남성 페이크셔츠 패턴 밍크 본딩 레이어드니트,https://m.gsshop.com/prd/prd.gs?prdid=1134866699&mseq=420485-13&pgmId=46071,신규등록
2026-10-01,20261001,23:00,46071,[데니스골프] 단 하루! 온라인 최저가 약속!,1135130805,[LIVE][무료배송][DENNIS] 남성 웜 히트 보아퍼 퀼팅 패딩 점퍼,https://m.gsshop.com/prd/prd.gs?prdid=1135130805&mseq=420485-11&pgmId=46071,신규등록
2026-10-01,20261001,23:00,46071,[데니스골프] 단 하루! 온라인 최저가 약속!,1135176352,[LIVE][무료배송][DENNIS] 남성 시그니처 캐릭터 레터링 맨투맨티셔츠,https://m.gsshop.com/prd/prd.gs?prdid=1135176352&mseq=420485-12&pgmId=46071,신규등록
2026-10-01,20261001,23:00,46071,[데니스골프] 단 하루! 온라인 최저가 약속!,1135525056,[LIVE][무료배송][DENNIS] 여성 웜 히트 보아퍼 퀼팅 패딩 점퍼,https://m.gsshop.com/prd/prd.gs?prdid=1135525056&mseq=420485-10&pgmId=46071,신규등록
2026-10-01,20261001,23:00,46071,[데니스골프] 단 하루! 온라인 최저가 약속!,1136425905,[LIVE][무료배송][DENNIS] 남성 히든밴딩 기모팬츠_네이비블랙_2종세트,https://m.gsshop.com/prd/prd.gs?prdid=1136425905&mseq=420485-15&pgmId=46071,신규등록
2026-10-01,20261001,23:00,46071,[데니스골프] 단 하루! 온라인 최저가 약속!,1136425913,[LIVE][무료배송][DENNIS] 여성 레이어드니트_베이지네이비_2종세트,https://m.gsshop.com/prd/prd.gs?prdid=1136425913&mseq=420485-5&pgmId=46071,신규등록
2026-10-01,20261001,23:00,46071,[데니스골프] 단 하루! 온라인 최저가 약속!,1136425922,[LIVE][무료배송][DENNIS] 여성 레이어드니트_네이비블랙_2종세트,https://m.gsshop.com/prd/prd.gs?prdid=1136425922&mseq=420485-6&pgmId=46071,신규등록
2026-10-01,20261001,23:00,46071,[데니스골프] 단 하루! 온라인 최저가 약속!,1136425938,[LIVE][무료배송][DENNIS] 여성 기모 조거팬츠_베이지블랙_2종세트,https://m.gsshop.com/prd/prd.gs?prdid=1136425938&mseq=420485-9&pgmId=46071,신규등록
2026-10-01,20261001,23:00,46071,[데니스골프] 단 하루! 온라인 최저가 약속!,1136425947,[LIVE][무료배송][DENNIS] 여성 레이어드니트_베이지블랙_2종세트,https://m.gsshop.com/prd/prd.gs?prdid=1136425947&mseq=420485-4&pgmId=46071,신규등록
